client_name,client_email,policy_number,insurance_type,amount,company_name,start_date
Andrea Mata,sarahwright@example.org,POL-078289-tb,Life,1312.61,"Williams, Gonzalez and Olson Insurance",2026-01-20
Brandon Brown,john95@example.com,POL-324214-Rw,Travel,7515.22,Smith Group Insurance,2020-07-31
Nancy Knight,matthew02@example.net,POL-933252-zW,Health,89484.99,Sullivan and Sons Insurance,2024-06-06
Claire Smith,heidi87@example.org,POL-600432-Lz,Health,37419.8,Owen and Sons Insurance,2026-01-21
Tiffany Riley,rwheeler@example.net,POL-282591-yR,Travel,46880.76,"Hicks, Gonzalez and Nash Insurance",2023-01-02
Lisa Kelley,martin72@example.net,POL-363501-LD,Property,38455.01,Clark-Olson Insurance,2020-09-01
Caleb Duffy,rrobbins@example.org,POL-461790-EX,Vehicle,20191.53,Bernard-Cameron Insurance,2023-11-06
Brittany Short,judyallen@example.com,POL-305327-wU,Travel,30260.2,"Nguyen, Tanner and Dunn Insurance",2022-11-24
Nathan Patterson,ramseyjames@example.net,POL-233451-Mk,Property,9250.65,Mills Ltd Insurance,2025-01-31
Justin Johnson,eharris@example.com,POL-678128-rT,Vehicle,22469.37,"Gross, Clayton and Thompson Insurance",2025-07-16
Juan Miller,wlong@example.org,POL-473915-Oo,Health,69252.6,"Hartman, Sheppard and Arnold Insurance",2024-10-06
Ryan Farmer,jamessanchez@example.org,POL-623416-XZ,Life,21125.94,Perry LLC Insurance,2020-01-10
Joseph Collins,davidmarks@example.org,POL-846479-RX,Property,76646.49,"Estrada, Hayes and Moody Insurance",2022-02-03
Michael Crawford,obraun@example.net,POL-411035-rQ,Life,42680.97,Spencer-Huber Insurance,2022-01-12
Mrs. Karen Brennan,halelarry@example.org,POL-951290-ud,Life,8032.62,Dunn PLC Insurance,2023-05-28
Patricia Lewis,kimberlyharrington@example.net,POL-165608-Lh,Life,87975.04,Murphy Inc Insurance,2023-12-29
Christopher Russell,joanna42@example.net,POL-182304-fp,Travel,76222.53,Lee Inc Insurance,2021-06-01
Kevin Rodriguez,anthonywright@example.com,POL-058962-GG,Travel,35414.81,Dean-Joseph Insurance,2020-02-27
Cynthia Smith,gsalazar@example.com,POL-867804-nD,Life,67280.25,Brandt-Bishop Insurance,2022-09-09
Mike Johnson,william58@example.com,POL-213899-tq,Health,17265.78,"Harris, Castro and Long Insurance",2020-08-14
Katherine Johnson,matthewcastaneda@example.com,POL-627581-aN,Property,81142.74,"Jones, Logan and Sweeney Insurance",2023-10-30
Heather Williams,vlamb@example.org,POL-960427-tX,Life,25558.14,Casey and Sons Insurance,2021-03-31
Karen Miller,donnarogers@example.net,POL-855435-MT,Property,27543.24,"Hebert, Russell and Stewart Insurance",2025-02-06
Jesse Figueroa,matthew54@example.com,POL-040980-CZ,Travel,56676.74,Williams LLC Insurance,2021-01-01
Terry Phillips,maria68@example.org,POL-069234-LN,Life,30098.42,"Massey, Lamb and Gonzalez Insurance",2020-10-25
Kayla Rivera,valerie52@example.org,POL-322712-Uh,Vehicle,31108.21,Davis PLC Insurance,2023-09-30
John Boyd,kimberlyrollins@example.com,POL-203431-Gw,Travel,4952.42,Smith-Calhoun Insurance,2024-08-07
James Smith,nathantaylor@example.com,POL-805893-OA,Health,60888.89,Mckee-Mason Insurance,2023-02-24
Jamie Hobbs,mossbradley@example.org,POL-542574-Hg,Travel,31819.18,Smith and Sons Insurance,2025-09-07
Teresa Rodriguez,juanroy@example.org,POL-413283-iz,Vehicle,84315.87,Richardson and Sons Insurance,2020-04-08
Jason Sanchez,ejones@example.net,POL-438890-yr,Life,40220.16,"Jones, Harper and Hunt Insurance",2026-01-26
Patrick Cox,qsilva@example.com,POL-826733-jI,Property,76082.13,Wheeler-Jackson Insurance,2020-03-17
Zachary Mitchell,greenjacqueline@example.org,POL-015870-VW,Life,22034.57,"White, Baker and Sexton Insurance",2020-04-15
Marcus Ritter,ofoster@example.org,POL-381822-in,Property,76790.9,Meyers-Johnson Insurance,2025-03-25
Erik Gregory,chungcrystal@example.org,POL-368756-hA,Vehicle,11246.86,Walker LLC Insurance,2023-12-09
Heather Ross,yrussell@example.org,POL-596594-lN,Property,17257.37,"Ramirez, Cook and Edwards Insurance",2020-05-31
Marco Dougherty,barbaraweaver@example.net,POL-208028-yJ,Vehicle,12091.91,Kerr-Snyder Insurance,2025-07-21
Shannon Maldonado,chad29@example.net,POL-503077-Lp,Health,37764.17,Richardson Group Insurance,2023-09-21
Billy Lynch,stewartsteven@example.net,POL-449445-gY,Travel,1077.21,"Jackson, Monroe and Decker Insurance",2022-04-12
Anne Allen,mfranco@example.net,POL-220643-Xw,Health,95007.55,"Contreras, Hines and Turner Insurance",2020-02-11
Robert Morrison,longjoanna@example.net,POL-553686-IF,Property,38683.32,Ross Group Insurance,2023-09-30
Andrew Gray,emilywarren@example.net,POL-453650-JS,Property,87588.48,Perry-Jackson Insurance,2022-04-19
Kayla Rice,matthewgardner@example.org,POL-698172-Bc,Property,48979.45,Singleton and Sons Insurance,2020-02-29
Danny Brown,pdavis@example.org,POL-526428-pG,Vehicle,8237.5,Fisher-Anderson Insurance,2020-05-26
Ms. Kelly Matthews,timothyyoder@example.net,POL-334746-Qr,Property,46070.03,Moreno-Church Insurance,2022-01-05
Helen George,hutchinsontammy@example.com,POL-164149-NI,Health,27972.35,"Avery, Mahoney and Avery Insurance",2024-01-04
Ronald Swanson,wilkinsmichele@example.com,POL-189948-Gl,Vehicle,37488.76,Carroll PLC Insurance,2022-10-01
James Butler,michelle01@example.org,POL-967786-gV,Property,47644.39,Gibbs-Stein Insurance,2025-05-27
Charles Abbott,donald04@example.com,POL-519623-OR,Vehicle,43368.55,Diaz-Burns Insurance,2025-02-13
Ryan Morgan Jr.,jameswilliams@example.org,POL-657656-IN,Health,26052.34,"Ray, Payne and Wiley Insurance",2022-03-13
Hannah Glover,rogersshannon@example.net,POL-075324-Kg,Vehicle,90903.68,Boyd Ltd Insurance,2021-03-15
Steven Avila,sandra22@example.net,POL-770682-tI,Health,44330.41,Norris Inc Insurance,2020-02-20
Ryan Coleman,traceywilliams@example.org,POL-116702-bu,Health,72030.01,Green-Gill Insurance,2020-11-09
Amy Schwartz,nicoledunlap@example.org,POL-007990-Yx,Property,38666.05,"Perez, Adams and Black Insurance",2024-11-27
Daniel Moody,bcardenas@example.org,POL-943009-Jl,Health,22694.52,Harris-Watkins Insurance,2024-12-15
Karen Norris,hardinjoseph@example.com,POL-784767-IO,Vehicle,85669.68,Carter-Vargas Insurance,2023-08-19
James Riley,unorris@example.com,POL-007645-Zn,Life,42795.52,Roberts-Lewis Insurance,2025-12-29
April Wade MD,jessica99@example.org,POL-713417-WW,Health,19868.04,Hayes Inc Insurance,2021-08-16
Bryan Williams,arthurchristensen@example.org,POL-047344-aZ,Health,18753.17,"Holland, Freeman and Hoover Insurance",2020-01-02
Mrs. Lori Willis DVM,heatherdiaz@example.net,POL-537015-Ff,Life,19403.83,"Thompson, Jones and Williamson Insurance",2023-03-07
Michael Anderson,rachel94@example.org,POL-440312-yj,Property,81030.66,"Gray, Watson and Thomas Insurance",2021-11-06
Diana Kennedy,matthewwalker@example.org,POL-068186-AU,Vehicle,80999.42,Dunlap Ltd Insurance,2021-07-31
Kimberly Hughes,walkerandre@example.com,POL-204241-Aw,Travel,35024.67,Grant Inc Insurance,2023-09-13
Jose Solis,lhopkins@example.org,POL-296082-jJ,Travel,66219.53,Mcmillan and Sons Insurance,2022-08-08
Dominique Alexander,ilopez@example.net,POL-088748-jS,Vehicle,30528.46,Ortiz-Martinez Insurance,2020-03-07
Claudia Jones,bradley11@example.org,POL-935309-hC,Vehicle,31745.47,Gordon-Rogers Insurance,2020-01-29
Derrick Shelton,imoore@example.com,POL-888949-Vb,Travel,51985.41,"Roberts, Bailey and Oneill Insurance",2020-09-15
Steven Palmer,jennifer50@example.com,POL-717457-ob,Property,95190.04,May Ltd Insurance,2021-11-22
Matthew Hawkins,cynthia23@example.net,POL-612257-FY,Life,52544.46,"Brown, Morris and Hartman Insurance",2021-09-02
Victoria Horton,vincent65@example.net,POL-223016-wP,Property,49091.96,"George, George and Mathews Insurance",2021-07-25
Mr. Jacob Turner,xjohnson@example.org,POL-775539-Ux,Health,50748.64,Anderson and Sons Insurance,2020-08-15
Michael Brown,omoore@example.org,POL-741976-Ap,Vehicle,66157.47,Chase-Kennedy Insurance,2023-09-06
James Gonzales,marybird@example.org,POL-992460-Qu,Vehicle,21982.7,Murray LLC Insurance,2022-11-28
Sharon Hernandez,ohanson@example.org,POL-606263-gm,Health,93885.31,Flores-Arias Insurance,2020-09-23
Lorraine Jenkins,ijackson@example.org,POL-318559-mC,Life,31067.96,Dawson Inc Insurance,2021-12-11
Dominique Moore,gonzalezmichael@example.org,POL-832423-JT,Travel,71757.41,Kim Group Insurance,2020-12-07
Sarah Charles,jody59@example.com,POL-262428-rR,Property,9229.59,Jacobs PLC Insurance,2021-11-22
William Lynch,nicholas23@example.com,POL-144929-wz,Property,90923.54,"Herman, Spencer and Carter Insurance",2022-08-16
Ruben Miller,hamptoncarol@example.net,POL-880422-VD,Health,42882.59,Stephens-Gonzalez Insurance,2023-08-13
Nicole Cook,fpollard@example.net,POL-098749-eE,Health,98821.22,Lopez PLC Insurance,2022-04-18
Bradley Williams,jessegates@example.net,POL-825344-JT,Travel,53001.64,Washington Group Insurance,2024-09-23
Barry Castillo,oflores@example.com,POL-904447-rk,Life,1184.78,Davis LLC Insurance,2020-12-02
Richard Clark,reedtina@example.org,POL-522896-DH,Property,52828.46,"Walker, Vazquez and Griffith Insurance",2022-06-02
Erik Turner,adamsdavid@example.com,POL-410357-Xf,Life,71331.35,Brown and Sons Insurance,2021-09-15
Nichole Gonzalez,kristisanchez@example.org,POL-311620-NE,Travel,24528.77,Herman and Sons Insurance,2025-02-08
Diana Ayers,salinasadam@example.net,POL-433869-yl,Travel,43325.4,Carter-Miller Insurance,2020-11-05
Kevin Williams,williamvelazquez@example.com,POL-510969-wy,Property,46943.15,Pitts-Jones Insurance,2022-01-03
Dr. Nicholas Johnston MD,michael11@example.net,POL-983942-bP,Property,92577.69,"Hall, Parker and Bruce Insurance",2023-09-15
Kevin Jackson,michael83@example.com,POL-494271-ze,Property,88420.9,Lee-Davis Insurance,2023-10-09
Charlotte Walton,kennethdalton@example.net,POL-591632-Rx,Travel,78454.32,Howard LLC Insurance,2023-02-21
Terri Case,masongreen@example.org,POL-610197-DZ,Travel,40966.51,Parker-Rich Insurance,2022-07-30
Linda Anderson,gregorywilson@example.com,POL-277811-iH,Property,38003.98,Benjamin-Sanchez Insurance,2020-11-09
Heather Ferguson,jill28@example.com,POL-634938-tt,Vehicle,64815.39,Atkins Group Insurance,2022-01-03
Laura Mosley,uaustin@example.net,POL-878244-hO,Health,46515.96,Cooper Ltd Insurance,2024-08-11
Michael Martinez,oclark@example.com,POL-700772-NO,Property,77614.81,"Sanchez, Fisher and Miller Insurance",2020-06-20
Jason Nielsen,osbornstephen@example.com,POL-562075-GM,Health,13402.23,Thomas Ltd Insurance,2025-06-23
Zachary Ayers,jenniferroberts@example.org,POL-021914-Ii,Travel,36764.81,"Tate, Wright and Cummings Insurance",2021-05-30
Michael Anderson,scott00@example.com,POL-343898-UG,Vehicle,97623.98,Weber and Sons Insurance,2024-01-28
Janice Reid,bishoplogan@example.com,POL-488507-Qm,Property,94644.09,"Johnson, Edwards and Anderson Insurance",2021-04-08
Michael Hensley,williamvaughn@example.org,POL-958994-LI,Health,2469.34,Chandler LLC Insurance,2022-09-25
Amy Baxter,austinyolanda@example.org,POL-605305-im,Property,76081.85,"King, Perkins and Parker Insurance",2022-06-03
William Lester,glennherring@example.net,POL-475326-oZ,Property,78614.79,James Group Insurance,2022-02-04
Kelly Reid,johnny26@example.net,POL-829895-Xe,Property,99320.56,"Koch, Martinez and Adams Insurance",2021-08-03
Joanne Knight,across@example.com,POL-084837-Iu,Life,72339.44,"Henry, Frye and Shea Insurance",2020-03-31
Christian Johnson,amandaspencer@example.com,POL-807961-dn,Life,14090.23,"Morrow, Case and Henson Insurance",2021-08-10
Kelly Taylor,karenbrown@example.org,POL-858984-EN,Vehicle,73297.62,Allen-Nunez Insurance,2025-01-21
Michelle Moody,gutierrezchristopher@example.org,POL-137191-ec,Property,57708.69,"Owens, Moon and Rice Insurance",2021-10-11
Amanda Kim,bryantdaniel@example.org,POL-055456-Ht,Health,13454.2,"Cohen, Cummings and Rhodes Insurance",2020-07-30
Mark Barrett,zfarrell@example.com,POL-363269-DA,Travel,37271.36,Wilson-Waller Insurance,2022-02-18
Kelsey Weiss,samantha31@example.net,POL-039963-UH,Travel,22291.49,"Nunez, Hardy and Pena Insurance",2025-03-14
Tamara Barker,troypowell@example.org,POL-655954-ov,Vehicle,39332.1,"Reynolds, Montgomery and Greer Insurance",2024-04-11
Catherine Clark,martinezelizabeth@example.org,POL-609934-TD,Vehicle,78481.76,"Beck, Shelton and Wright Insurance",2025-06-05
Paul King,chelseabryan@example.org,POL-320749-Et,Life,4001.67,"Meza, Osborne and Henderson Insurance",2020-08-26
Nicole Hawkins,ebaker@example.org,POL-873011-Ok,Health,68345.07,Walker-Cooper Insurance,2020-12-25
Belinda Davenport,hilljames@example.net,POL-337717-IV,Health,38592.3,Atkinson LLC Insurance,2021-03-31
Ashley Stewart,ppage@example.com,POL-015283-pK,Vehicle,89117.32,Moran and Sons Insurance,2021-02-23
Deborah Stokes,goodwinrobert@example.org,POL-999083-pP,Life,41828.28,Black LLC Insurance,2021-06-09
Lacey Tate,zcarr@example.com,POL-430733-dW,Vehicle,67645.01,Wallace Ltd Insurance,2020-09-07
Kelsey Cook,jbyrd@example.com,POL-266307-dD,Property,25124.26,Poole Inc Insurance,2025-10-26
Susan Watts,susancruz@example.org,POL-304439-rh,Travel,36154.16,"Oliver, Rios and West Insurance",2020-09-27
Jeffery Walsh,richardwebster@example.org,POL-505848-kj,Property,47906.02,"West, Wallace and Davidson Insurance",2022-05-11
Sergio Pruitt,churchamy@example.net,POL-616999-bF,Health,45902.74,"Delgado, Clark and Guzman Insurance",2023-05-16
Howard Navarro,oliviaramos@example.org,POL-763403-HJ,Health,85001.07,Waters Inc Insurance,2025-04-06
Raymond Young,spatel@example.com,POL-610494-Al,Vehicle,30650.18,Davis-Whitehead Insurance,2025-12-16
Zachary Collins,hammondbarbara@example.net,POL-280486-Xr,Health,6056.05,"Martinez, Moore and Johnson Insurance",2024-06-22
Lori Bush,duncandaniel@example.com,POL-356451-Nb,Health,65585.82,Miller-Fritz Insurance,2021-08-06
Matthew Smith,fmora@example.org,POL-096439-TY,Health,94756.65,Doyle Inc Insurance,2022-03-16
Jessica Douglas,jennifer34@example.com,POL-413497-el,Vehicle,50521.79,Harmon Ltd Insurance,2024-02-09
Kevin Moreno,harrisangela@example.net,POL-064855-Uk,Health,31771.2,Gordon and Sons Insurance,2025-03-28
Anthony Palmer,joshua33@example.com,POL-563508-Zk,Health,77978.77,"Chen, Parker and Weeks Insurance",2025-01-24
Melissa Valenzuela,fsimon@example.org,POL-374026-Xe,Property,88829.54,Moreno and Sons Insurance,2022-03-24
Richard Barnes,ramirezzachary@example.net,POL-957863-Ax,Health,3983.55,Smith-Russell Insurance,2024-01-15
Teresa Caldwell,fwilson@example.org,POL-740013-Qs,Property,52295.04,Washington-Petersen Insurance,2020-08-26
Susan Mills,erikasimpson@example.org,POL-018828-lu,Life,47078.45,"Hoffman, Richard and Ruiz Insurance",2025-07-22
Robert Phillips,benjamin49@example.com,POL-918954-hw,Property,77492.28,"Morales, Lewis and Davis Insurance",2021-12-06
Jimmy Wright,james75@example.org,POL-454013-sa,Vehicle,77401.99,Obrien-Mcguire Insurance,2023-04-11
Edward Fleming,brittany60@example.net,POL-812482-jy,Travel,96163.27,"Burke, Reyes and Robinson Insurance",2026-03-03
Kathleen Gallagher,kylevelasquez@example.com,POL-264092-FE,Vehicle,56171.04,Johnston-Johnson Insurance,2020-03-01
Kimberly Garcia,elizabeth03@example.org,POL-001186-te,Health,32955.62,Evans-Waters Insurance,2022-12-29
Jennifer Ford,randyjefferson@example.com,POL-982780-Md,Travel,25329.67,"Stevens, Rogers and Jacobs Insurance",2020-01-19
Dillon Gonzalez,sanchezdana@example.com,POL-958354-iS,Life,76270.37,"Haynes, Yates and Johnson Insurance",2023-05-23
Janet Smith,brandonlee@example.net,POL-294779-Gw,Travel,83932.88,Powell-Maxwell Insurance,2021-05-25
Brandon Price,montgomerythomas@example.net,POL-166654-UP,Travel,6277.67,Fletcher and Sons Insurance,2022-03-17
Brittany Hernandez,brentjohnson@example.org,POL-502434-Jb,Health,23878.67,Johnson-Ramsey Insurance,2023-02-21
Denise Scott,cnavarro@example.org,POL-948701-pX,Vehicle,44104.77,Rodriguez PLC Insurance,2023-04-25
Terry Allen,wpeterson@example.com,POL-405905-ID,Property,34865.82,"Fleming, Sanchez and Owens Insurance",2020-02-01
Tiffany Moss,vcarlson@example.net,POL-462568-pV,Vehicle,98679.66,Rivera Inc Insurance,2023-12-19
Jennifer Shannon,ewade@example.com,POL-094856-qH,Health,1406.08,Byrd-Hawkins Insurance,2024-10-09
Zachary Johnson,lyonsmichael@example.com,POL-456179-SR,Vehicle,86852.97,"Wise, Hanna and Morales Insurance",2020-11-24
Erik Ramirez,sandra16@example.org,POL-756592-oE,Travel,27277.61,Frazier and Sons Insurance,2023-06-21
Kathryn Erickson,eoconnor@example.com,POL-233443-wA,Life,83964.82,"Pitts, Riley and Salas Insurance",2024-07-06
Erin Garcia,henrydennis@example.com,POL-974943-EC,Vehicle,97902.88,Bennett-Shelton Insurance,2022-08-18
Kevin Lambert,anthony25@example.org,POL-085188-Zg,Vehicle,73283.39,Rogers PLC Insurance,2022-12-22
Jill Ingram,thomasthomas@example.com,POL-867580-xN,Travel,33362.99,Jimenez-Armstrong Insurance,2021-01-27
Amy Jones,castilloannette@example.net,POL-500842-mP,Health,58869.13,Smith-Beasley Insurance,2025-05-10
Darlene Harvey,rhondabarry@example.net,POL-637408-zN,Life,75409.77,West-Long Insurance,2020-06-29
William Kelley,hopkinsdaniel@example.net,POL-822760-RT,Travel,72044.85,Nixon and Sons Insurance,2022-05-18
Jessica Mcintosh,sanchezmark@example.net,POL-595714-cC,Property,97063.89,Dixon-Lopez Insurance,2024-11-01
Karen Pacheco,wbarber@example.com,POL-783718-Eg,Travel,45971.63,Young PLC Insurance,2024-05-01
Mary Evans,jason47@example.net,POL-321750-kU,Travel,46969.48,Arnold-Caldwell Insurance,2024-09-06
Bailey Whitehead,denisejackson@example.org,POL-469569-KL,Health,37012.87,Haynes-Smith Insurance,2023-02-05
Theresa Davidson,deborahhutchinson@example.com,POL-954634-hK,Property,42935.65,"Gross, Burton and Evans Insurance",2023-11-05
Jerry Thompson,browntodd@example.com,POL-305612-Dv,Life,47485.78,Hunt-Cunningham Insurance,2025-08-13
Denise Reid,johnrocha@example.org,POL-058224-FK,Vehicle,6391.96,Wheeler and Sons Insurance,2024-11-05
Mrs. Tracey Smith,qrios@example.com,POL-822027-UN,Travel,32721.07,Brown-Gonzalez Insurance,2024-01-06
Jean Davis,carol77@example.net,POL-910595-QW,Life,84202.27,"Browning, Blair and Rodriguez Insurance",2025-12-22
Jacob Hubbard,jonathanashley@example.com,POL-945840-nK,Life,73616.88,"Wilson, Deleon and Johnson Insurance",2020-01-19
Hector Cline,christopher98@example.org,POL-361494-iv,Property,45893.3,"Erickson, Jones and Walters Insurance",2023-09-10
Mark Henry,kgardner@example.net,POL-065854-Ek,Vehicle,95513.88,Mueller-Martin Insurance,2020-03-01
Dalton Blevins,kellykelly@example.com,POL-980700-ch,Health,94769.84,Lawrence LLC Insurance,2020-07-26
Jeremy Curry,daniellemorgan@example.net,POL-572420-DW,Vehicle,52939.47,Smith-Williams Insurance,2020-12-02
Robert Duran,dcampbell@example.org,POL-708327-pU,Property,85990.38,Larson PLC Insurance,2022-04-19
John Calderon,davisdebra@example.org,POL-664823-iL,Travel,16281.97,"Brooks, Ramirez and Allen Insurance",2022-10-27
Samantha Oconnor,imartinez@example.org,POL-101149-Ll,Health,1508.58,Roberson-Smith Insurance,2022-07-15
Patricia Taylor,bauermichael@example.org,POL-006361-uD,Property,55031.91,"Phillips, Aguilar and Chen Insurance",2025-11-16
Shannon Ward,brianreed@example.org,POL-621625-yc,Property,5857.38,Parks Ltd Insurance,2022-10-13
Christopher Medina,williamsjeffrey@example.org,POL-511429-YD,Vehicle,40938.11,Hall-Khan Insurance,2020-12-29
Evelyn Johnson,andres25@example.org,POL-340087-Oh,Health,39692.86,Navarro-Gill Insurance,2021-01-28
Austin Vang,justinstephens@example.com,POL-895666-Mo,Vehicle,26523.07,Howard Ltd Insurance,2024-12-15
Kayla Ellison,thomasdana@example.net,POL-251710-ks,Property,31750.83,Snyder Ltd Insurance,2022-10-05
Kevin Esparza,christinalee@example.net,POL-973757-uK,Life,58851.01,"Lewis, Cook and Miller Insurance",2022-06-07
Ronald Hamilton,duncantonya@example.org,POL-312203-RG,Life,98605.55,Wood-Wilson Insurance,2025-09-17
Erica Trujillo,justinreid@example.org,POL-960370-aI,Vehicle,20493.26,Salinas LLC Insurance,2020-04-04
Claire Bailey,dominichooper@example.com,POL-897782-ya,Travel,90142.99,"Giles, Campbell and Reese Insurance",2021-07-20
Gary Edwards,kennethvilla@example.net,POL-969480-HH,Travel,79540.52,"Lowery, Lang and Brock Insurance",2025-12-26
Erica Turner,dyang@example.org,POL-554502-Da,Life,37991.68,Richardson-Knight Insurance,2024-11-02
Lori Smith,vriley@example.net,POL-916136-rQ,Life,41608.64,Jones Group Insurance,2026-01-07
Teresa English,gcastillo@example.com,POL-740904-Fu,Vehicle,61854.52,"Sanford, Ho and Vasquez Insurance",2021-11-20
Amy Peterson,xdawson@example.net,POL-953232-Nr,Travel,91167.98,"Dennis, Cummings and Elliott Insurance",2023-03-30
Paul Mcdowell,lauranunez@example.net,POL-218909-vl,Life,3336.68,Mason Group Insurance,2023-02-21
Todd Daugherty,zwilliams@example.com,POL-448657-OK,Property,52538.26,Norman-Miller Insurance,2024-08-13
Lisa Montes,zreeves@example.com,POL-046833-wD,Travel,50034.68,Thomas and Sons Insurance,2023-06-30
Bonnie Casey,rebecca91@example.org,POL-914706-wU,Health,57156.12,"Chapman, Silva and Rowe Insurance",2021-10-05
Kimberly Wagner,ronald63@example.org,POL-645404-os,Property,43849.08,"Winters, Vazquez and Savage Insurance",2023-03-01
Casey Bird,lmoran@example.org,POL-790979-zS,Vehicle,96535.08,Boone Inc Insurance,2021-12-14
Kevin Baker,maria43@example.com,POL-950552-dm,Property,96248.36,Reed Inc Insurance,2021-10-10
Richard Oneal,ellisonshawn@example.org,POL-030907-Nz,Vehicle,70194.92,Joyce Group Insurance,2020-03-19
Alice Saunders,patrickjohnson@example.com,POL-093814-HS,Property,4311.02,Garcia and Sons Insurance,2025-09-11
Cynthia Scott,ifernandez@example.net,POL-503059-CW,Travel,50930.08,Shea-Mcclain Insurance,2025-06-06
Chad Gordon,dennis96@example.net,POL-733817-XH,Travel,83339.99,"Moreno, Summers and Vasquez Insurance",2023-07-27
Colin Thompson,cliffordhaynes@example.org,POL-870717-UO,Vehicle,58958.13,Chen-Lawrence Insurance,2020-07-28
Ryan Ross,aaronperez@example.net,POL-088214-ce,Travel,13283.5,"Jones, Barnes and Kelly Insurance",2021-08-04
Erica Wilson,jamesorozco@example.net,POL-399773-eV,Travel,83124.72,Webb-Richardson Insurance,2020-10-29
Eric Heath,paulgrant@example.com,POL-575274-UV,Life,9020.84,Acosta-Bell Insurance,2024-02-09
Patricia Stewart,whenry@example.org,POL-895752-GE,Property,83081.53,"Lewis, Gutierrez and Farrell Insurance",2020-05-05
Makayla Hendrix,michaelhernandez@example.net,POL-200181-lp,Life,55558.75,Rogers Ltd Insurance,2021-09-01
John Keller,natasha03@example.com,POL-990469-Ij,Travel,7068.62,Nunez-Sutton Insurance,2020-02-22
Nancy Manning,daltontheresa@example.net,POL-736589-cS,Life,16072.77,Santana Ltd Insurance,2022-02-23
John Mueller,ycarroll@example.org,POL-382018-LZ,Health,8118.98,Stewart-Ramirez Insurance,2020-05-06
Pamela Long,branchcassidy@example.com,POL-330703-Me,Property,39565.58,Rosales Group Insurance,2020-08-22
Emily Dixon,ybarton@example.org,POL-826070-Aj,Health,11346.7,"Yu, Garcia and David Insurance",2024-05-19
Elizabeth Russell,amy43@example.net,POL-377540-nA,Health,88318.49,Shannon and Sons Insurance,2023-04-03
Mitchell Hawkins,sandrataylor@example.com,POL-888309-qb,Life,10972.3,Harper and Sons Insurance,2025-08-21
Sarah Becker,christinaforbes@example.org,POL-171732-hA,Health,30853.25,Miller Inc Insurance,2023-11-03
Dana Morgan,seancook@example.com,POL-929474-fF,Property,50037.57,Wheeler-Kaiser Insurance,2020-02-01
Stephanie Winters,robert26@example.com,POL-649968-Ii,Life,14393.58,"Juarez, Green and Tucker Insurance",2022-01-20
Michelle Price,shawnmorton@example.com,POL-830282-DF,Property,55087.71,Robinson-Hernandez Insurance,2020-07-10
Julie Armstrong,nathanfranco@example.org,POL-492094-kM,Life,86851.01,Campos-Massey Insurance,2024-03-24
Sonya Floyd,morganhudson@example.net,POL-303537-Ww,Vehicle,98223.09,Owens Group Insurance,2020-09-14
Susan Good,brian75@example.com,POL-696275-uc,Property,51159.93,"Lopez, Clark and Long Insurance",2020-01-26
Juan Drake MD,michaelnichols@example.net,POL-172966-bJ,Property,16020.39,"Tanner, Taylor and Gomez Insurance",2023-07-03
Barbara Newton,johnsonmaureen@example.org,POL-606151-NU,Health,89895.91,Small-Booth Insurance,2020-11-08
Nicholas Johnson,fschaefer@example.com,POL-234478-xJ,Travel,92872.11,Walsh LLC Insurance,2022-10-17
Dawn Rocha,destinysantos@example.org,POL-123890-tc,Travel,45353.32,White-Bell Insurance,2022-12-22
John Baird,michellecannon@example.com,POL-510349-dE,Health,44011.3,Murphy LLC Insurance,2021-11-13
Rebecca Hill,dustinsmith@example.com,POL-713715-Bi,Life,35071.41,Crawford-Flores Insurance,2024-08-26
Crystal Bell,csmith@example.net,POL-340781-JT,Vehicle,84758.19,Salazar-Valdez Insurance,2026-01-25
Marissa Gonzales,julienorman@example.net,POL-658064-iK,Property,31063.31,Rollins Ltd Insurance,2021-04-03
Chelsea Mata,travis70@example.com,POL-405427-FI,Travel,9063.49,Miller PLC Insurance,2022-05-05
Julia Lopez,sean14@example.net,POL-158535-dN,Travel,30832.32,Hester Ltd Insurance,2020-12-19
Erica Santos,jennifermassey@example.com,POL-139286-id,Property,30549.28,Hall and Sons Insurance,2025-06-09
James Nelson,adamsjordan@example.com,POL-961304-Me,Life,28186.59,Leonard Inc Insurance,2023-07-07
Bradley Thompson,ehanna@example.org,POL-634424-mi,Vehicle,5503.38,Harris Inc Insurance,2024-06-12
Diane Lynn,tmatthews@example.com,POL-554310-Um,Life,12925.68,Vasquez-Rose Insurance,2025-12-12
William Bryant,esmith@example.com,POL-396205-Hw,Life,61212.58,"Perkins, Nguyen and Hendrix Insurance",2021-11-19
Brandon Rodriguez,copelandtracy@example.net,POL-594674-Md,Travel,19536.33,"Berger, Stevenson and Velez Insurance",2024-02-18
Richard Carroll,jillian77@example.net,POL-668483-Vr,Health,30669.66,Gallegos Ltd Insurance,2021-08-14
Christopher Thompson,raymondharris@example.com,POL-562606-oW,Travel,7960.21,Parker Inc Insurance,2021-03-08
Tricia Mclean,twilliams@example.org,POL-525572-qG,Property,16712.41,Hall PLC Insurance,2022-07-06
Raymond Morris,brandon47@example.com,POL-646130-oz,Vehicle,77317.46,"French, Adams and Horton Insurance",2024-08-10
Madeline Brown,vincentconrad@example.com,POL-184048-yv,Health,93483.34,Carpenter and Sons Insurance,2024-07-26
Jill Hunt,rossbrittany@example.com,POL-119266-Uy,Vehicle,55911.09,Murray-Coleman Insurance,2025-03-27
Jeremiah Bryan,krista57@example.com,POL-162010-KV,Health,30028.7,Phillips-Caldwell Insurance,2025-12-18
Amy Gomez,mgallegos@example.com,POL-917008-Yk,Vehicle,22740.91,Compton-Bradford Insurance,2021-10-05
Lisa Scott,patriciaabbott@example.net,POL-817861-ih,Health,3728.46,"Anderson, Robinson and Williams Insurance",2020-06-11
Shaun Valdez,rossmoreno@example.net,POL-102050-Qw,Property,1953.93,Burke Ltd Insurance,2021-08-20
David Donaldson,fdelacruz@example.com,POL-722311-Xa,Life,65476.07,Fisher-Woods Insurance,2020-07-28
Barbara Fox,hayleyallen@example.com,POL-267396-Uk,Property,15682.24,"Obrien, Sanford and Haney Insurance",2020-03-18
James Adams,lindsay26@example.com,POL-797865-MB,Life,62572.13,Love Group Insurance,2023-10-13
David Rodriguez,mark95@example.org,POL-944618-SB,Property,71092.57,Ramsey Ltd Insurance,2021-06-03
John Combs,aprilherring@example.net,POL-781569-aZ,Property,3762.04,"Hughes, Sanders and Levine Insurance",2021-06-06
Kim Rosales,laramelissa@example.com,POL-235748-il,Vehicle,79456.18,Dickson-Fowler Insurance,2025-07-19
Randall Sawyer,brandon54@example.net,POL-511397-tM,Property,73413.96,"Chang, Martinez and Flores Insurance",2024-08-24
Kyle Sanchez,johnny15@example.org,POL-004121-dh,Vehicle,25148.4,Prince LLC Insurance,2020-07-14
John Cohen,ginacrawford@example.com,POL-193974-qB,Travel,41562.71,"Gilbert, Adams and Miller Insurance",2021-02-16
William Taylor,nsmith@example.org,POL-197341-xs,Property,48366.64,"Bryant, Smith and Smith Insurance",2022-06-17
Carl Weaver,tcarrillo@example.org,POL-844200-Ld,Health,5970.08,Perez Ltd Insurance,2021-03-16
Wayne Patel,alexandersydney@example.com,POL-449786-Dq,Property,41694.75,Hurley-Camacho Insurance,2022-10-13
Jeremy Morton,hodgelisa@example.org,POL-657598-bu,Vehicle,71894.53,Velez and Sons Insurance,2025-01-11
Elizabeth Jones,gloverjames@example.net,POL-498489-YE,Property,17241.36,"Mitchell, Wells and Turner Insurance",2021-04-08
Alicia Romero,lauren41@example.com,POL-694416-sz,Travel,54707.69,Porter LLC Insurance,2026-02-03
Lindsey Petersen,nicholasmyers@example.net,POL-876293-Ns,Property,3854.3,Owens-Henderson Insurance,2020-02-29
Derek Cain,kescobar@example.net,POL-525067-Wz,Health,75148.32,"Sullivan, Kirby and Smith Insurance",2023-10-07
Christine Dixon,mhuang@example.net,POL-381059-Pm,Life,36650.11,Martin Ltd Insurance,2025-10-23
David Miles,simmonsjudy@example.com,POL-228775-HP,Travel,65923.37,King Ltd Insurance,2020-01-08
Mathew Bennett,matthew69@example.net,POL-481563-gx,Property,23844.3,"Moran, Carlson and Green Insurance",2021-12-23
Justin Miller,williamdunn@example.net,POL-626845-FO,Vehicle,21029.32,Ortiz Ltd Insurance,2024-07-27
Zachary Hudson,hkennedy@example.net,POL-594198-uk,Vehicle,82433.95,Carpenter-Coleman Insurance,2021-11-06
Cheryl Harris,frandall@example.com,POL-983370-Sa,Vehicle,49261.06,Russo Ltd Insurance,2022-06-06
Mark Freeman,efreeman@example.net,POL-444766-Bq,Health,98148.92,Weaver PLC Insurance,2025-10-29
William Melton,jamie92@example.org,POL-198200-hp,Life,60002.03,"Baker, Blair and Bradford Insurance",2021-11-26
Patrick Villa,ingramjames@example.org,POL-841377-IB,Health,73960.78,Smith and Sons Insurance,2021-08-01
Alex Roberson,jacqueline27@example.com,POL-787342-FV,Health,19426.16,Garrison-Reese Insurance,2022-08-30
Edwin Simon,nrivers@example.com,POL-280972-FH,Property,7033.5,Fuentes Ltd Insurance,2024-12-21
Jeremy Hill,frussell@example.com,POL-848243-kw,Health,4140.11,Wilson PLC Insurance,2023-11-24
Hannah Williams,qmay@example.com,POL-880998-qw,Vehicle,20752.65,Alvarez-Peterson Insurance,2022-04-12
Natasha Simpson,miguelschmidt@example.org,POL-459725-Zg,Property,51807.74,Perry-Navarro Insurance,2025-08-26
Catherine Dillon,hectorcraig@example.org,POL-362068-Db,Life,81574.09,Smith Ltd Insurance,2021-03-01
Christopher Brown,anthonymitchell@example.com,POL-589687-Hc,Property,29332.86,Davis Inc Insurance,2021-08-10
Stephanie Ramirez,lesliesaunders@example.org,POL-867458-eU,Life,56781.17,"Malone, Stevens and Henson Insurance",2023-09-24
Troy Murphy,patricia86@example.com,POL-829442-ya,Health,27070.76,"Clark, Simpson and Kennedy Insurance",2020-10-22
Alexis Johnson,carpentererica@example.org,POL-582731-GY,Health,65405.51,Li Inc Insurance,2021-05-24
Jesse Benitez,qedwards@example.net,POL-368452-Ap,Property,76191.23,Rios and Sons Insurance,2022-01-27
Daniel Murray,jordanmatthew@example.net,POL-497314-DL,Vehicle,39406.19,Lee-Mercado Insurance,2024-09-27
Willie Perez,lisahanna@example.net,POL-808159-ck,Life,59068.23,Trujillo and Sons Insurance,2025-07-23
Yvonne Beasley,lucas67@example.net,POL-409895-on,Travel,88503.98,Hernandez Group Insurance,2021-06-08
Dr. Brent Norman,watkinswayne@example.net,POL-171624-BA,Health,20124.62,"Monroe, Erickson and Mclean Insurance",2020-06-02
Christopher Hoffman,imayer@example.org,POL-206909-Ol,Travel,71306.49,Wiggins-Owens Insurance,2025-01-21
David Perry,qjohnson@example.org,POL-806910-fa,Property,37865.28,Lewis Group Insurance,2023-11-23
Elizabeth Blankenship,maddoxadrian@example.com,POL-015087-Jl,Vehicle,65214.14,"Smith, Jones and Robinson Insurance",2023-12-30
Jessica Cook,lpittman@example.net,POL-376556-PO,Property,24202.81,"Barker, Torres and Wilson Insurance",2024-10-29
Karen Griffin,jacobsdanielle@example.com,POL-537341-RD,Health,59369.26,"Hanna, Carter and Gonzalez Insurance",2025-06-08
Shannon Vega,msalinas@example.org,POL-602137-Ua,Property,14419.05,Williams-Beck Insurance,2021-08-02
Ricky Ray,qhill@example.org,POL-958650-Aq,Life,89766.8,Barrett-Singh Insurance,2020-09-15
Steven Copeland MD,tmorton@example.org,POL-377351-Sh,Health,12706.55,Brown Group Insurance,2023-07-07
Vanessa Wagner,hammondcynthia@example.com,POL-237343-RQ,Health,86728.81,Fox Inc Insurance,2022-05-22
Haley Davis,william40@example.net,POL-815268-gY,Health,40889.47,Cordova Group Insurance,2021-06-30
James Williams,arogers@example.org,POL-281706-qz,Vehicle,53368.28,"Riley, Estrada and Shah Insurance",2025-10-28
Matthew Green,danielgaines@example.net,POL-724679-Ik,Vehicle,6884.63,Perez-Myers Insurance,2024-01-28
Patricia Horne,julianharris@example.com,POL-450676-XH,Health,27533.53,Blair-Mcgee Insurance,2021-09-23
Heather Newton DDS,davismegan@example.org,POL-376237-kx,Vehicle,49691.53,Cook Inc Insurance,2025-06-28
Shaun Carter,cynthiabrewer@example.com,POL-976518-be,Property,50333.73,Chang-Green Insurance,2025-03-14
Christine Simpson,nealdavid@example.com,POL-898188-Pk,Travel,43513.95,"Washington, Morrison and King Insurance",2020-05-19
Christopher Bond,cterry@example.net,POL-440643-Mr,Property,6155.95,Williams and Sons Insurance,2021-08-14
Lisa Jensen,richard82@example.org,POL-234608-gT,Property,51677.56,Anderson and Sons Insurance,2024-06-20
Ashley Knapp,sanderstimothy@example.org,POL-557079-Pr,Life,14271.68,Parker-Scott Insurance,2021-10-27
Nicholas Greer,amymorris@example.com,POL-511408-SO,Vehicle,39049.29,Smith Inc Insurance,2025-04-19
Nicolas Stafford,weaverstephanie@example.com,POL-248272-rE,Vehicle,20063.12,"Santana, Holden and Chavez Insurance",2025-01-03
Krista Thompson,vharris@example.net,POL-852218-gj,Health,19487.24,Nichols and Sons Insurance,2026-01-14
Mark Chang,monica60@example.net,POL-556564-TE,Vehicle,30522.43,Moreno Group Insurance,2025-02-09
Juan Camacho,wrightbrittany@example.org,POL-227483-xG,Health,90178.39,Cardenas Ltd Insurance,2026-03-02
Brenda Dixon,ipreston@example.com,POL-510708-WE,Life,76071.23,"Schmidt, Wilcox and Brewer Insurance",2023-03-31
Cheryl Williams,david10@example.com,POL-197492-qQ,Life,10840.44,Dominguez-Stewart Insurance,2025-06-29
Eileen Hawkins,hgonzales@example.org,POL-622656-ij,Life,59197.18,Smith LLC Insurance,2022-06-04
Bryan Mercer,david74@example.org,POL-954144-Vv,Health,59801.74,Brady and Sons Insurance,2021-10-13
Benjamin Harding,rachael38@example.net,POL-080115-WE,Travel,58741.07,"Martinez, Morales and Moran Insurance",2022-06-03
Sarah Petersen,michaelgillespie@example.net,POL-400489-kw,Property,61227.06,Day LLC Insurance,2020-04-27
Teresa Cardenas,nancyjimenez@example.com,POL-131194-nz,Health,56838.23,Valdez-Price Insurance,2024-05-05
Benjamin Soto,arichardson@example.org,POL-575376-DZ,Travel,29745.78,Garcia-Hayden Insurance,2023-01-11
David Cameron,zacharylopez@example.org,POL-650166-cW,Life,71641.61,"Lee, Guzman and Thomas Insurance",2023-11-21
Sara Lynch,kristensims@example.net,POL-116390-kK,Travel,81252.37,Thompson-Shaw Insurance,2021-02-20
Michelle Reed,mray@example.com,POL-475996-iB,Health,38583.42,Obrien Inc Insurance,2020-10-01
Brian Daugherty,roystanley@example.com,POL-360213-bm,Life,72516.37,"Meadows, Duffy and Molina Insurance",2021-01-21
Dustin Taylor,cameronsmith@example.net,POL-255161-hp,Travel,73709.83,Holt-Lucas Insurance,2025-01-04
Lauren Chan,clarkrachel@example.net,POL-603586-IE,Property,9634.57,"Adams, Fowler and Hogan Insurance",2025-10-01
Michael Moran,wstein@example.org,POL-082280-Jb,Travel,91532.21,Barry Ltd Insurance,2025-06-16
Sarah Henry,jamesrebecca@example.org,POL-127926-tY,Health,11296.13,"Kirk, Perry and Higgins Insurance",2020-04-08
Kim Wolf,tlynn@example.com,POL-323303-rR,Travel,63916.65,Gill-Bell Insurance,2020-05-15
Thomas Hahn,gainesjessica@example.org,POL-108094-gn,Life,16989.63,Smith-Butler Insurance,2020-08-23
Anthony Price,tonymorales@example.com,POL-164864-Ie,Property,55863.08,Simmons and Sons Insurance,2024-05-06
Joseph Garcia,yjohnson@example.com,POL-318048-CH,Property,43450.32,Neal PLC Insurance,2025-10-14
Maria Smith,jeffrey26@example.com,POL-477508-en,Travel,73913.42,"Higgins, Johnston and Oliver Insurance",2022-06-18
Deborah Hernandez,nathan32@example.org,POL-414314-jN,Vehicle,57672.27,Ramirez-Cooley Insurance,2020-06-25
Kari Hughes,tiffany36@example.org,POL-410209-tB,Property,43071.24,Perez-Warren Insurance,2024-12-14
Donna Gonzalez,nicholasmoore@example.org,POL-300519-Ib,Travel,66627.26,Horn PLC Insurance,2024-06-01
Cory Horn,kimdavis@example.net,POL-213779-XV,Property,24610.26,Stewart-Russell Insurance,2025-03-15
Benjamin Melton,fhenry@example.com,POL-454375-tZ,Health,28495.51,Clark-Lucas Insurance,2024-10-14
Cassandra Owens,ann21@example.org,POL-047116-rm,Vehicle,35727.73,Fritz-Anderson Insurance,2024-02-14
Karen Harding,rebecca94@example.org,POL-268277-lu,Life,98466.42,"Wilkinson, Johnson and Rodriguez Insurance",2023-07-16
Russell Hamilton,christopher81@example.net,POL-595797-Ee,Property,14435.32,Powell and Sons Insurance,2021-11-20
Melissa Taylor,janet98@example.net,POL-686671-vX,Life,93115.37,"Peterson, Boyd and Ramirez Insurance",2022-06-01
Linda Alvarado,ashley01@example.net,POL-894443-Cl,Property,34811.97,Perez-Ryan Insurance,2023-05-10
Pamela Lewis,kathleennelson@example.org,POL-696835-Pb,Health,6702.71,Cole-Martin Insurance,2024-02-15
Marissa Navarro,earl07@example.net,POL-449922-ga,Vehicle,97158.28,"Reyes, Monroe and Walton Insurance",2020-11-15
Edward Bell,melissa38@example.com,POL-223720-Pq,Life,3747.2,"Reed, Morris and Cuevas Insurance",2021-11-20
Derek Hill,nicolejones@example.org,POL-055526-lM,Life,69229.83,Morrison and Sons Insurance,2023-04-17
Robert Savage,vhoward@example.org,POL-591254-fk,Life,30824.17,Poole-Franklin Insurance,2023-06-24
Keith Meyer,garrisonkaitlyn@example.org,POL-250980-ek,Travel,17114.84,"Shaw, Brown and Martinez Insurance",2021-04-22
Valerie Clark,thomas19@example.org,POL-476033-Wn,Life,67111.27,Smith-Rogers Insurance,2021-09-13
Wendy Robertson,ericalynch@example.net,POL-194188-GD,Health,81316.04,"Tucker, Russell and Glover Insurance",2024-03-31
Chris Scott,shawtammie@example.com,POL-140272-UQ,Health,5426.69,Ruiz-Miller Insurance,2022-11-22
Mark Mcgee,vdavis@example.net,POL-175184-WQ,Life,75188.41,Hopkins-Johnston Insurance,2023-01-15
Kevin Mccarthy,cuevasjustin@example.org,POL-062705-ZG,Life,15838.04,Boyd-Weber Insurance,2020-01-11
Jared Clark,bcooper@example.com,POL-163730-Xl,Health,7200.01,"Wilson, Flowers and Garcia Insurance",2022-10-05
William Charles,lbennett@example.com,POL-344172-eu,Property,15638.51,Newman-Vargas Insurance,2026-02-24
Kyle Smith,ydrake@example.com,POL-440442-gF,Travel,98725.21,"Schneider, Potter and Baker Insurance",2025-03-19
April Young,allison28@example.com,POL-996771-aY,Vehicle,55064.93,Fischer-Gonzales Insurance,2023-09-02
Joshua Payne,joseph70@example.net,POL-333397-EX,Travel,81220.37,Fowler LLC Insurance,2021-05-27
Rebecca Jones,campbellpatricia@example.net,POL-308898-pl,Property,28079.31,"Bryant, Mcdonald and Smith Insurance",2024-07-26
Teresa Torres,donnahowell@example.net,POL-651340-wj,Life,46622.72,"Stewart, Lee and Hale Insurance",2022-12-24
Beth Allen,garciasteven@example.com,POL-467055-YF,Travel,78902.36,"Smith, Williams and White Insurance",2023-10-25
Kathleen Dougherty,smithtravis@example.com,POL-919933-IQ,Property,41265.68,Coffey Group Insurance,2022-06-19
James Smith,ianbradshaw@example.com,POL-867410-NH,Health,28423.62,Cox-Martinez Insurance,2025-02-15
David Christian DDS,ygomez@example.com,POL-325807-xa,Property,5160.67,Castro-Garrett Insurance,2020-11-05
Michael Schneider,jharris@example.com,POL-190466-ab,Travel,73522.88,Burgess Ltd Insurance,2025-06-26
Troy Patrick,uwoods@example.com,POL-318424-En,Health,22922.64,Taylor PLC Insurance,2025-10-09
Christine Flowers,mario20@example.net,POL-871503-vx,Travel,7567.78,Mcdonald Ltd Insurance,2021-10-17
Belinda Smith,roymartha@example.org,POL-997980-yB,Travel,19290.05,Austin-Arnold Insurance,2024-02-22
Steve Skinner,lauren42@example.org,POL-742033-fs,Vehicle,27018.97,Wilson-Russo Insurance,2024-04-12
Sean Powers,fthomas@example.org,POL-923041-Ri,Health,97246.36,"Rivera, Case and Koch Insurance",2021-06-22
Nicole Wilson,kmurphy@example.com,POL-764423-Zh,Life,18522.25,Carlson-Rodriguez Insurance,2021-06-24
Ryan Terry DDS,walternicole@example.org,POL-004805-up,Life,31589.15,"Dodson, Rodgers and Wells Insurance",2021-10-27
Rickey Patterson,fnewman@example.net,POL-904527-IZ,Property,63434.15,"Thompson, Shepherd and Moon Insurance",2020-01-21
Erika Howard,jacobrobertson@example.org,POL-769602-xS,Life,22662.88,Soto PLC Insurance,2024-02-20
Darrell Carpenter,lwallace@example.org,POL-063499-LM,Travel,42380.91,"Castillo, Owen and Martinez Insurance",2024-06-14
Robert Kirk,fschroeder@example.org,POL-857731-Tc,Property,24459.67,Hartman-Lucas Insurance,2024-01-31
Natalie Moran,jamesfaulkner@example.org,POL-055536-XB,Travel,15072.62,Bradley-Lopez Insurance,2021-09-08
Alison Brooks,stacy98@example.org,POL-480248-AF,Health,71967.88,Obrien and Sons Insurance,2020-07-28
Betty Davis,rthompson@example.org,POL-098620-Op,Travel,67029.92,Navarro-Torres Insurance,2025-07-18
Amber Davis,eddie28@example.net,POL-100630-cw,Life,91299.53,Thompson Inc Insurance,2022-01-24
Karen Jensen,manndakota@example.com,POL-611758-Yg,Property,52950.35,Ibarra-Sanchez Insurance,2021-11-28
Catherine Johnson,mark12@example.org,POL-546013-oH,Vehicle,48650.4,"Peterson, Velez and Nguyen Insurance",2024-10-02
Sarah Williams,bellmichael@example.net,POL-845838-VH,Health,83563.77,Martin-Torres Insurance,2023-01-10
Deborah Ramos,anna28@example.org,POL-246197-Zz,Life,66182.81,"Lee, Martinez and Roberts Insurance",2022-11-22
Aaron Ellis,johnrodriguez@example.org,POL-275319-of,Vehicle,37380.72,Torres-Harrison Insurance,2020-11-26
Elizabeth Patterson,ricardo78@example.com,POL-974726-ji,Property,2024.44,Dominguez and Sons Insurance,2025-01-21
Jeffrey Willis,parsonsvictoria@example.net,POL-831246-YM,Vehicle,75743.63,"Garner, Thompson and Ray Insurance",2021-01-12
Tina Evans,stevensmelanie@example.com,POL-251375-Cm,Property,16307.78,Lucas Inc Insurance,2024-06-12
Robert Morris,dawnhall@example.net,POL-802431-KH,Travel,41963.86,Middleton-Smith Insurance,2026-02-26
Deborah Saunders,nicholasgarcia@example.com,POL-476370-hN,Vehicle,26684.27,Rice LLC Insurance,2025-06-04
Mariah Barnes,hhall@example.com,POL-841362-hU,Health,98148.55,Hill-Johnson Insurance,2021-08-21
David Perez,jenniferaguirre@example.org,POL-247911-iR,Travel,59893.36,"Shaw, Crawford and Armstrong Insurance",2021-05-23
Shannon Black,kellyhudson@example.org,POL-256814-hW,Property,64537.5,Cooper and Sons Insurance,2025-03-29
Amanda Rogers,teresa57@example.net,POL-248142-Pj,Property,47221.71,Nelson-Cochran Insurance,2024-11-29
Daniel Walker,howard69@example.org,POL-973652-Dy,Life,48238.73,Ramirez-Stanley Insurance,2022-01-24
Joshua Wood,lauriebryant@example.com,POL-088230-Fs,Life,25655.69,Adams-Page Insurance,2021-06-04
Mark Rogers,maxwellcrystal@example.net,POL-120673-Lb,Property,82230.08,"Carson, Crawford and Nelson Insurance",2024-04-06
Rebecca Murphy,hwest@example.net,POL-553132-bw,Life,18235.97,"Moore, Williams and Wells Insurance",2024-02-21
Elizabeth Armstrong,danielbradford@example.com,POL-355095-cJ,Property,23821.22,"Nguyen, Castro and Rogers Insurance",2024-07-08
Justin Fitzpatrick,bthornton@example.com,POL-457934-bE,Health,30767.69,Fields-Johnson Insurance,2022-11-18
Ashley Johnston,pbrown@example.com,POL-640424-lv,Health,83650.98,Johnson-Kim Insurance,2025-11-28
Heather Chapman,richard78@example.com,POL-084483-mf,Property,59320.44,Lucero-Keith Insurance,2023-05-15
Melissa Morris,jeffreyfaulkner@example.org,POL-024958-fB,Health,13247.87,"Cooke, Soto and Holder Insurance",2020-05-18
Joy Mayer,kingdonna@example.org,POL-877123-DX,Property,84620.64,Rogers-Price Insurance,2021-08-02
Daniel Thompson,eruiz@example.org,POL-419577-eU,Travel,44632.11,Johnson PLC Insurance,2024-09-10
Amy Anderson,samanthaallen@example.com,POL-864676-Bq,Health,47282.49,Bishop-Lawrence Insurance,2020-12-20
Lisa Clark,ramseykenneth@example.net,POL-925217-VR,Vehicle,16975.85,Parker and Sons Insurance,2024-05-31
Wanda Lopez,jasonriddle@example.org,POL-932643-NM,Property,30933.57,Hughes-Singh Insurance,2024-03-01
Sandy Jones,danielledougherty@example.org,POL-890864-jI,Vehicle,18223.58,Garrett-Robinson Insurance,2024-03-13
Michelle Freeman,fergusonregina@example.net,POL-912437-bN,Travel,75046.97,Holmes-Mckenzie Insurance,2025-11-03
James Maxwell,wreyes@example.org,POL-136973-gl,Vehicle,34070.89,Cannon PLC Insurance,2020-06-15
Patricia Henry,kimrose@example.com,POL-662694-Hc,Property,13854.5,Hensley-Smith Insurance,2022-07-13
Chris Davis,crodriguez@example.com,POL-401612-Xn,Health,50332.37,Castillo Group Insurance,2025-09-07
Laura Drake,danielmoyer@example.org,POL-125540-Vv,Life,58551.42,Gallagher-Baker Insurance,2022-12-12
Amy Hebert,nicholeparrish@example.org,POL-336040-Kw,Life,55013.23,"Rogers, Shaffer and Montgomery Insurance",2022-12-04
Justin Tran,barnettgregory@example.org,POL-252098-Je,Property,92239.22,Smith PLC Insurance,2020-12-30
Heather Coffey,ilarson@example.org,POL-716948-MY,Life,87077.44,Bowman-Lynch Insurance,2024-08-24
Timothy Hopkins,jasonhumphrey@example.net,POL-419064-mH,Health,36081.91,"Soto, Hernandez and Santiago Insurance",2024-02-08
Dr. Elizabeth Henry,connieortega@example.net,POL-172944-PX,Property,20676.7,Lewis-Foster Insurance,2020-03-02
Daniel Navarro,yhayes@example.net,POL-524663-bD,Vehicle,21612.88,"Rojas, Adkins and Swanson Insurance",2022-02-13
Nathan Horton,lopezwilliam@example.org,POL-815407-wE,Property,19728.1,"Kelly, Perkins and Pineda Insurance",2022-07-08
Christine Conley,kwashington@example.net,POL-392341-uJ,Life,79142.95,Li-Miller Insurance,2024-12-03
Erin Sloan,benjamingray@example.net,POL-823741-tE,Vehicle,16499.67,"Frazier, Acosta and Black Insurance",2022-01-19
Kristen Sharp,kathleen69@example.net,POL-004142-IL,Vehicle,58853.23,Ross Group Insurance,2021-02-13
Timothy Alexander,michaelespinoza@example.net,POL-837617-Gt,Vehicle,7751.9,"Donaldson, Bennett and Richards Insurance",2022-09-15
Stephanie Martinez,ana50@example.com,POL-858580-Rw,Property,48958.67,Wright-Mendoza Insurance,2025-10-09
Cassandra Oconnor,andrew05@example.org,POL-014640-PX,Vehicle,90580.18,Morris Inc Insurance,2023-08-10
Jessica Lynn,gprince@example.org,POL-871592-IK,Property,38567.55,Bautista Ltd Insurance,2023-03-12
Kenneth Delacruz,johncobb@example.com,POL-351059-Tg,Property,40251.85,Obrien-Herman Insurance,2024-05-08
Erin Callahan,jacqueline28@example.com,POL-746952-lm,Travel,5341.59,Manning and Sons Insurance,2020-05-10
Jerry Wallace,devin24@example.org,POL-227208-vq,Life,70262.74,Brown and Sons Insurance,2023-12-10
Mr. Francisco Parker,douglas94@example.com,POL-756976-MT,Property,75048.54,Peck LLC Insurance,2026-01-15
Joseph Huang,marybarker@example.com,POL-062548-RN,Life,73415.1,"Gallagher, Robinson and Howard Insurance",2020-02-12
Theresa Morris,watsonrichard@example.com,POL-648937-yN,Vehicle,73245.64,Smith-Pruitt Insurance,2023-11-02
Charles Friedman,williamsdestiny@example.net,POL-307652-bu,Vehicle,10487.59,Carter Group Insurance,2024-03-11
Kristina Harding,samanthahenderson@example.net,POL-441227-oU,Health,26304.14,"Fowler, Mcdaniel and Moore Insurance",2024-11-13
Erica Smith,patricia89@example.com,POL-239705-pP,Life,6996.86,"Irwin, White and Hernandez Insurance",2021-10-15
Jennifer Newton,wellskarla@example.net,POL-200356-BW,Health,98494.81,Hobbs-Banks Insurance,2021-06-14
Kelly Sellers,ross78@example.net,POL-802399-Lt,Vehicle,21422.18,Cole-Jones Insurance,2024-12-04
Thomas Cohen,mariebarton@example.com,POL-170279-LC,Health,65006.55,Johnson Inc Insurance,2022-10-13
Emily Hernandez,jenniferstewart@example.com,POL-533075-Wo,Vehicle,29282.83,"Huynh, Black and Kim Insurance",2023-08-13
George Phillips,kbarrett@example.com,POL-353217-kF,Life,73459.12,Smith LLC Insurance,2024-08-24
Andrew Harrison,william22@example.net,POL-378410-SP,Travel,97939.75,Pearson Ltd Insurance,2025-12-01
Jose Kelly,anthony98@example.net,POL-282416-UX,Travel,85095.49,Johnston PLC Insurance,2020-11-16
Charles Ruiz,sanchezaimee@example.com,POL-589817-wG,Life,78284.28,Nelson PLC Insurance,2022-07-10
Timothy Orozco,whull@example.org,POL-240692-xB,Life,60308.04,Bailey Ltd Insurance,2025-08-09
Stephanie Perry,matthewhardin@example.org,POL-388021-Vq,Vehicle,63388.02,"Lawrence, Boone and Lewis Insurance",2025-05-13
Laura Ellis,sherry18@example.net,POL-793842-ko,Life,22725.85,Owens PLC Insurance,2023-12-15
David Grant,hoffmanjason@example.com,POL-811795-av,Travel,80455.27,Mullins-Adams Insurance,2025-07-10
April Gonzales,jeremyrogers@example.net,POL-869880-zQ,Property,80315.02,"Clark, Lester and Sharp Insurance",2022-03-16
Mary Smith,omar43@example.org,POL-721673-bH,Property,73967.12,"White, Kim and Mora Insurance",2022-10-06
Brittany Mendez,rschaefer@example.org,POL-086510-jD,Life,11903.4,Baxter-Mitchell Insurance,2021-01-30
Rachel Smith,stephanieflynn@example.net,POL-891183-wC,Travel,13888.77,"Haney, Collins and Newman Insurance",2024-07-13
Christian Melton,katelyn47@example.org,POL-330568-Vb,Property,41565.89,Jimenez PLC Insurance,2024-10-13
Mario Greene MD,otyler@example.com,POL-928523-PX,Vehicle,22535.07,"Hebert, Anderson and Perkins Insurance",2020-12-31
Zachary Hall,rsmith@example.net,POL-346053-vu,Health,83742.8,"Santos, Harrison and Adams Insurance",2023-05-17
Derrick Johnson,jacob20@example.org,POL-492289-pY,Property,88959.01,Woods-Foster Insurance,2024-02-05
Eric Carroll,stephanie76@example.net,POL-647162-QZ,Travel,57214.16,"Durham, Black and Alexander Insurance",2020-09-15
Jane Campbell,samuel41@example.org,POL-805833-xf,Health,48415.43,"Molina, Barker and Simpson Insurance",2022-10-22
Richard Montoya,imcdowell@example.net,POL-565641-vN,Travel,99256.34,Howell Inc Insurance,2021-06-23
Brandon Moore,wadedanielle@example.net,POL-159275-He,Property,36849.84,Bradley Inc Insurance,2023-02-04
Diane Elliott,audrey31@example.org,POL-015360-Mo,Vehicle,54822.24,"Griffin, Pierce and Mendez Insurance",2020-01-17
Christopher Jimenez,wrobbins@example.net,POL-656181-Wz,Life,72010.36,"Boyd, Valdez and Vasquez Insurance",2020-12-25
Daniel Smith,rachelfields@example.net,POL-613237-Qa,Health,92845.04,"Martin, Palmer and Cisneros Insurance",2024-05-03
Bobby Livingston,petergibson@example.org,POL-594463-ac,Vehicle,39140.84,Ramirez Inc Insurance,2020-12-13
Lisa Johnson,andrew03@example.net,POL-493636-eH,Health,56799.6,"Wagner, Sharp and Marshall Insurance",2020-12-26
Noah Bauer MD,juliejohnson@example.org,POL-548630-db,Health,86164.08,"Lawrence, Jones and Murphy Insurance",2022-05-21
Tammy Brown,zmanning@example.org,POL-289966-ke,Health,52581.87,"Clark, Thomas and Perry Insurance",2024-05-01
Daniel Soto,kimberlyperez@example.com,POL-726624-jt,Health,56857.47,Guzman Inc Insurance,2025-08-29
Timothy Wilkinson,thomasalexis@example.com,POL-825968-Jw,Life,70226.06,"Knight, Pruitt and Gentry Insurance",2025-12-06
Sherry Page,angelaholland@example.com,POL-179776-hP,Health,33545.28,"Marshall, Bryan and Parker Insurance",2025-03-21
Michael Campos,mitchelleddie@example.com,POL-999537-Om,Health,54481.13,"Rubio, Key and Clark Insurance",2025-06-30
Jeffrey Jimenez,adrianclark@example.org,POL-084090-aU,Vehicle,41103.27,Peterson-Bowen Insurance,2023-12-10
David Lewis,gordonmegan@example.org,POL-007142-Cz,Travel,39370.73,Gonzalez-Martin Insurance,2023-05-08
Jillian Mccoy,daniel90@example.org,POL-412780-Br,Property,11396.36,Liu-Mack Insurance,2024-08-20
Shelley Porter,wallcaroline@example.com,POL-629283-Dx,Vehicle,55914.91,Ramirez Inc Insurance,2021-06-18
Robert Gomez,tinahughes@example.net,POL-196404-rP,Health,89250.98,"Rose, Lloyd and Matthews Insurance",2020-09-25
Joshua Carlson,shawnsanders@example.org,POL-305528-gk,Life,85027.31,Ingram-Brown Insurance,2023-03-28
Eric Daniels,odavid@example.com,POL-728640-qd,Vehicle,39858.53,Jones-Johnson Insurance,2024-05-12
Brooke Friedman,rachel48@example.net,POL-822465-zz,Vehicle,46931.42,Blake LLC Insurance,2025-12-15
Sharon Mcknight,zacharywalker@example.net,POL-289973-hL,Travel,16772.11,Dawson-Campbell Insurance,2021-01-25
Kimberly Reynolds,carterdanielle@example.org,POL-253018-wb,Travel,61800.91,Pena-Cooper Insurance,2022-08-12
David Martinez,marshallmary@example.com,POL-602322-jR,Health,13636.28,Sims-Knight Insurance,2020-06-16
Lisa Cole,greerkenneth@example.org,POL-360931-Gc,Vehicle,79272.8,Stuart Ltd Insurance,2024-03-26
Diane Walker,ritaanderson@example.com,POL-054079-lR,Life,99536.27,"Lambert, Orr and Escobar Insurance",2025-02-12
Gregory Gonzalez,jon55@example.net,POL-211891-cb,Life,30561.9,Brown PLC Insurance,2022-11-04
Billy Gross,howellcorey@example.com,POL-175287-OQ,Life,24827.96,Smith-Shea Insurance,2021-05-06
David Knight,walkerkathryn@example.org,POL-663933-pa,Travel,28570.26,Bartlett Ltd Insurance,2021-03-20
Tracey Davis,kimberlybird@example.org,POL-274394-ss,Travel,4416.63,Richards-Cardenas Insurance,2022-08-03
Sara Brown,scottreynolds@example.com,POL-113269-bf,Life,63341.89,Wilson-Levy Insurance,2025-01-21
Jermaine Griffin,jason16@example.com,POL-617564-UV,Property,80161.09,Neal LLC Insurance,2021-08-23
Jeffrey Dalton,tannertodd@example.org,POL-016539-xo,Health,22954.05,Pena-Hardin Insurance,2022-05-13
Kevin Evans,hollysummers@example.org,POL-050739-Pd,Vehicle,40790.3,Parker-Alvarez Insurance,2021-06-11
Donald Ryan,creyes@example.org,POL-485624-jc,Health,29524.38,"Santos, Callahan and Atkins Insurance",2022-05-04
Caleb Morgan,huangdanielle@example.com,POL-373124-nN,Vehicle,62475.11,Green LLC Insurance,2025-12-01
David Lamb,anovak@example.com,POL-521454-ai,Travel,32093.82,Thompson-Jenkins Insurance,2025-01-18
Angel Jordan,flynndonna@example.net,POL-643746-Rp,Vehicle,51961.42,Johnson Group Insurance,2025-03-09
Richard Ruiz,donald07@example.com,POL-672364-LE,Health,83535.17,"Erickson, Bradley and Ray Insurance",2024-07-24
Eric Benson,katherine74@example.com,POL-723474-JM,Property,94579.35,Smith Group Insurance,2021-06-05
Elizabeth Dennis,smithkatherine@example.com,POL-172045-tf,Property,73206.08,Atkins Ltd Insurance,2025-11-09
David Garza,morganmarquez@example.com,POL-511064-ep,Life,11698.18,Cook Inc Insurance,2024-05-25
Samuel Riley,rbradley@example.com,POL-942296-bM,Travel,46672.57,Jones-Prince Insurance,2023-01-10
Kimberly Norris,jacquelinemyers@example.net,POL-400292-NR,Property,82566.88,"Baker, Price and Garcia Insurance",2025-03-13
Cynthia Romero,valerie20@example.org,POL-793395-IW,Property,46073.05,Brown-Cherry Insurance,2024-04-11
Amanda Richardson,joshuamorgan@example.net,POL-734181-rP,Health,39624.73,Mcknight-Schwartz Insurance,2023-11-05
Timothy Sexton,linda48@example.com,POL-805396-yO,Property,42261.86,"Nunez, Graham and Bates Insurance",2020-06-22
Ryan Thompson,travis11@example.net,POL-577047-kP,Property,36193.9,Butler-Fowler Insurance,2026-01-07
Corey Mcgrath,melissacobb@example.org,POL-831711-vk,Vehicle,95056.82,Chaney Ltd Insurance,2021-03-25
Martin Davis,jacob81@example.com,POL-641301-yq,Health,63731.74,"Tucker, Snyder and Levy Insurance",2023-11-10
David Campbell,pennywillis@example.net,POL-848511-YH,Vehicle,67732.62,"Hernandez, Paul and Gonzalez Insurance",2024-10-27
Terry Herrera,loganhubbard@example.org,POL-797793-Rn,Property,48722.05,Zhang LLC Insurance,2022-02-26
Laura Jackson,haleyramirez@example.org,POL-531671-Pd,Travel,58691.32,Gibson-Brooks Insurance,2025-03-31
Kenneth Williams,jessicalucero@example.org,POL-843456-VG,Life,63370.6,Martinez-Lam Insurance,2023-06-06
Hannah Garcia,erik95@example.net,POL-753178-JZ,Vehicle,45386.59,Simmons Ltd Insurance,2021-04-06
Vincent Henry,hfernandez@example.com,POL-817271-Vv,Travel,60090.68,Morrison-Perez Insurance,2024-12-29
Kelly King,comptoncourtney@example.org,POL-913014-au,Vehicle,11015.67,"Brown, Hoover and Snyder Insurance",2020-10-12
Jennifer Anderson,qflores@example.org,POL-230656-Zy,Health,15783.6,"Acosta, Cruz and Torres Insurance",2020-08-11
Scott Williams,bbutler@example.net,POL-297363-UV,Vehicle,19493.66,"Simmons, Rush and Huynh Insurance",2021-12-20
Peter Wilson,paulwilliams@example.net,POL-047576-nb,Travel,96606.15,"Holmes, Mathews and Ramos Insurance",2023-11-27
Ronald Christensen,jasonkhan@example.net,POL-327428-AJ,Vehicle,51887.14,Alvarez LLC Insurance,2023-09-01
Sophia Taylor,ygarza@example.com,POL-264362-dp,Health,73898.02,Pena-Cole Insurance,2023-09-27
Robert Kemp,ecarter@example.org,POL-110176-DX,Life,1122.44,"Anderson, Lee and Beasley Insurance",2020-12-24
Mary Aguilar,lsalas@example.net,POL-745866-ld,Life,13514.68,Wagner-Valentine Insurance,2022-08-01
Victor Mason,martinezsara@example.org,POL-081674-HU,Travel,49119.48,Martinez Ltd Insurance,2020-02-29
Ernest Davis,wthomas@example.net,POL-331751-Rb,Travel,42656.62,Payne-Welch Insurance,2024-08-19
Heather Johnson,glennpamela@example.net,POL-565827-tm,Vehicle,33426.24,Baker Inc Insurance,2024-08-26
Matthew Bryant,martin07@example.com,POL-236797-fu,Health,77305.28,"Walker, Pope and Lin Insurance",2022-03-08
Justin Graham,morgancarrie@example.com,POL-277090-Ge,Life,85457.51,Pham-Henderson Insurance,2024-06-09
Melanie Hodges,patricia31@example.org,POL-926248-OP,Travel,59932.66,"Luna, Ford and Smith Insurance",2022-07-27
Kathryn Bailey,sdillon@example.org,POL-601781-py,Life,44370.28,"Travis, Lopez and Gaines Insurance",2024-12-19
Cynthia Ryan,flowersleslie@example.net,POL-774228-jj,Travel,98353.94,"Pearson, Brown and Chapman Insurance",2024-03-03
Angela Marks,balvarez@example.com,POL-325307-un,Health,82095.66,Erickson-Griffin Insurance,2020-01-19
Brian Ramirez,benjaminstout@example.org,POL-478141-JJ,Health,96263.88,Delgado-Johnson Insurance,2022-02-08
Daniel Herman,matthewaguilar@example.com,POL-026603-KZ,Property,37145.01,Hoffman-Lara Insurance,2025-09-04
Laura Singh,gmckinney@example.org,POL-217269-tr,Life,2856.63,Garner-Pham Insurance,2022-05-03
Amanda Holmes,louis75@example.net,POL-391848-Kq,Vehicle,82847.87,"Tyler, Reed and Tran Insurance",2020-06-01
Ellen Marshall,ymoore@example.net,POL-184189-nQ,Vehicle,2199.02,Jackson Ltd Insurance,2021-11-11
Lisa Wilkinson,ryan96@example.net,POL-955668-jw,Vehicle,11571.08,Jones LLC Insurance,2026-01-11
Isaiah Riddle,dominic09@example.com,POL-872185-iX,Travel,80068.39,Alvarado Group Insurance,2024-04-16
Jacob Martin,samantha29@example.org,POL-195564-sO,Property,41740.01,Rodriguez-Ellis Insurance,2024-01-13
Zachary Martin,hnguyen@example.net,POL-864833-vq,Vehicle,61292.81,Frye-Nielsen Insurance,2025-07-22
David Rodriguez,amanda36@example.org,POL-463133-TT,Vehicle,23078.93,"Frederick, Lozano and Francis Insurance",2021-03-23
Kyle Hayes,jlowe@example.com,POL-685573-Su,Vehicle,72939.79,Walsh-Schmitt Insurance,2023-07-29
Kathleen Wagner,gilesandrea@example.org,POL-019756-uW,Health,86820.85,Diaz-Holder Insurance,2020-05-02
Beverly Grant,buckmelissa@example.net,POL-589140-nh,Property,17503.19,Anderson Ltd Insurance,2025-06-06
Derek Williams,andrewlee@example.org,POL-045122-uE,Life,24887.78,"Kelly, Braun and Carr Insurance",2021-11-11
Wesley Smith,rodriguezjulia@example.net,POL-889506-zw,Property,86156.67,"Christian, Walker and Johnson Insurance",2021-01-06
Roy Weaver,sandrajohnson@example.com,POL-711428-dW,Health,53877.17,"Kelley, Hall and Hicks Insurance",2022-11-29
Nicole Andrews,russellsanchez@example.net,POL-883316-Yv,Health,70297.83,Walker-Cobb Insurance,2025-04-03
Justin Goodman,leestephen@example.net,POL-492411-xY,Health,73007.58,Thomas PLC Insurance,2024-10-03
Mathew Sweeney,hrice@example.net,POL-009903-hE,Health,13114.6,Mcgee Ltd Insurance,2022-08-11
Colin Morris,tavila@example.com,POL-701236-Cr,Travel,24282.28,Matthews Inc Insurance,2025-09-22
Shannon Sullivan,williamcochran@example.com,POL-575651-Mu,Health,83541.46,Vaughn Group Insurance,2024-09-15
Rebecca Rocha,joanna51@example.com,POL-675866-UL,Travel,34082.42,Stanley-Reed Insurance,2021-06-18
Heather Miller,ysexton@example.net,POL-360139-nR,Life,17372.2,Liu PLC Insurance,2026-02-24
Lisa Hays,uwoodard@example.org,POL-307302-qG,Life,30624.28,"Nelson, Taylor and Taylor Insurance",2022-12-09
Julie Phillips,james81@example.org,POL-477244-Sh,Vehicle,86125.84,Jimenez-Alvarado Insurance,2025-01-01
Darrell Parker,jbennett@example.com,POL-094613-by,Vehicle,95035.4,"Mack, Lee and Harris Insurance",2024-08-07
Brenda Morgan,laura56@example.com,POL-845166-Ti,Property,71427.61,Carrillo-Flores Insurance,2024-10-10
Kara Lewis,ischmidt@example.org,POL-883188-nt,Travel,75307.81,Chen LLC Insurance,2024-09-03
Angela Oconnor,jessica90@example.net,POL-033760-hY,Travel,93737.53,"Fernandez, Pacheco and Diaz Insurance",2021-01-24
April May,daniel01@example.net,POL-389149-KA,Travel,10153.92,"Green, Robinson and Jones Insurance",2022-06-23
Krista Lewis,andrea58@example.org,POL-913967-zi,Life,51080.28,Ruiz-Fox Insurance,2021-09-07
Thomas Mcmahon,ann92@example.com,POL-322391-wT,Life,20971.76,Brooks Ltd Insurance,2022-08-25
Matthew Rivera,ashley01@example.com,POL-837204-Cn,Life,76259.95,Morgan-Perez Insurance,2024-12-09
Phillip Moreno,amanda01@example.com,POL-185386-jQ,Vehicle,16308.19,Adams-Pineda Insurance,2020-05-17
Victoria Donovan,seanconley@example.net,POL-719267-BN,Property,53527.86,Russell-Jacobson Insurance,2024-01-03
Michelle Rivera,harrisronnie@example.org,POL-998378-EO,Travel,18204.48,Mercado-Kelley Insurance,2020-11-15
Cassidy Lawrence,clarksheryl@example.com,POL-974715-lJ,Travel,55784.66,Rojas-Gonzalez Insurance,2024-08-19
Courtney Blevins,jay57@example.org,POL-688384-Le,Travel,7616.68,"Trujillo, Hall and Daniels Insurance",2023-03-04
Jennifer Sanders,vdeleon@example.org,POL-258561-JF,Property,11804.68,Adams-Bentley Insurance,2025-12-07
Shelley Pittman,howard45@example.org,POL-377121-dO,Life,28241.64,"Clark, Wood and Mendez Insurance",2022-02-24
Ashley Dominguez,donald48@example.org,POL-728443-rj,Travel,33061.76,"Miller, Ramirez and Barron Insurance",2021-03-02
Brian Peterson,lfisher@example.net,POL-619874-ZX,Life,64693.88,Monroe Inc Insurance,2021-10-06
Cindy Webster,cooperjonathan@example.org,POL-724391-Es,Travel,29361.86,James PLC Insurance,2022-10-09
Charles Warner,racheljohnson@example.org,POL-404844-ct,Travel,81387.43,"Snyder, Long and Brown Insurance",2022-07-28
Rachel Patel,ashley40@example.com,POL-775917-eu,Property,34902.0,Crane-Villanueva Insurance,2021-10-30
James Miller,juarezbrian@example.org,POL-015919-zo,Life,26450.89,Patton-Brown Insurance,2023-08-02
Jennifer Parker,floreskeith@example.org,POL-365395-dZ,Travel,48571.05,Scott-Mayo Insurance,2023-12-06
Jean Wilson,lwong@example.org,POL-811931-gI,Health,17930.24,Franklin-Martinez Insurance,2021-02-08
Troy Haley DDS,heather13@example.net,POL-125441-EX,Travel,25034.54,Howe-Hill Insurance,2024-07-09
Jennifer Jones,msmith@example.com,POL-430927-Bl,Life,54295.83,Young and Sons Insurance,2025-09-27
Steven Stokes,bradnunez@example.net,POL-472875-sD,Life,14580.42,"Hernandez, Raymond and Bowen Insurance",2024-04-26
Eric Cain,joseph52@example.net,POL-016540-aV,Property,28170.27,Lowe Group Insurance,2024-07-13
Tyler Herrera,fsmith@example.com,POL-706123-sG,Property,69137.63,Wilson and Sons Insurance,2023-07-29
Todd Thomas,tsaunders@example.net,POL-858492-WJ,Vehicle,82967.33,"Greer, Acevedo and Pruitt Insurance",2023-05-20
Pamela Kelly MD,vasquezjohn@example.com,POL-276163-wt,Health,27230.49,Smith Inc Insurance,2024-08-02
Jessica Lopez,alexandriapierce@example.org,POL-266227-ar,Travel,53811.03,Warren-Smith Insurance,2022-10-03
Michelle Wilson,heather52@example.com,POL-405909-Fs,Travel,57494.85,Powell Inc Insurance,2021-12-02
Lisa Marshall,phorn@example.net,POL-055964-JT,Life,19551.2,Phillips PLC Insurance,2022-10-15
Laura Bryant,kristenwang@example.net,POL-275126-jY,Property,6903.41,Kelley PLC Insurance,2023-03-26
Christopher Boyd,grantjackson@example.org,POL-314328-vx,Travel,1516.03,Walker PLC Insurance,2024-06-12
Jason Duffy,richmondamy@example.com,POL-168556-oA,Travel,36945.33,Vance-Cook Insurance,2021-02-04
Daniel Shea,tylershepherd@example.com,POL-636084-Qm,Vehicle,41071.11,Wells and Sons Insurance,2020-03-28
Anthony Davis DDS,leegeorge@example.com,POL-235219-Qd,Life,4627.63,"Short, Dickerson and Black Insurance",2022-05-06
Joshua Logan,benjamin69@example.org,POL-593105-jI,Property,57483.35,Lawson LLC Insurance,2023-08-31
Brian Carey,travisstone@example.com,POL-410070-hW,Vehicle,50003.87,Smith and Sons Insurance,2025-01-08
Maria Mendez,astewart@example.org,POL-135336-yd,Health,39757.28,Hansen-Allen Insurance,2023-10-18
Dennis Cruz,jacobkane@example.org,POL-109788-Fo,Life,37120.02,Stafford PLC Insurance,2020-07-12
Joseph Martinez,ubarry@example.net,POL-236859-Gf,Property,27946.74,"Leach, Bautista and Edwards Insurance",2026-01-16
Steven Bradley,ihendricks@example.net,POL-702815-gF,Life,94968.47,Harper Ltd Insurance,2021-12-04
Sandy Rice,justinhaley@example.org,POL-211251-wt,Vehicle,39320.57,Maddox-Cain Insurance,2020-10-05
Jade Gray,terrancehanson@example.org,POL-774179-bB,Health,43074.66,Davidson LLC Insurance,2021-07-01
Ricardo Carr,scott41@example.com,POL-641922-YW,Travel,39092.34,Walker-Caldwell Insurance,2023-05-27
James Roberts,ysoto@example.org,POL-904284-qP,Travel,12773.66,Clark Ltd Insurance,2021-01-23
Kimberly Garrett,pmaddox@example.com,POL-081040-vl,Vehicle,71366.21,"Henry, Knox and Arellano Insurance",2021-04-22
Frank Fox,andrewquinn@example.org,POL-919638-Ll,Health,3754.45,Oneill LLC Insurance,2023-10-22
Ashley Johnson,kathryn97@example.org,POL-027367-bY,Travel,39772.28,Smith LLC Insurance,2022-09-08
Mary Sutton,hammondbryan@example.com,POL-423438-RN,Travel,28526.17,"Wilson, Black and Harrington Insurance",2023-07-02
Christopher Matthews,dthornton@example.com,POL-977009-Bu,Travel,75888.31,Wright-Quinn Insurance,2024-06-29
Derek Ayers,wangkenneth@example.com,POL-353754-Xq,Life,24359.52,Cabrera LLC Insurance,2024-01-14
Jeffrey Lawrence,jennifermiller@example.net,POL-226548-oU,Travel,8878.64,Nixon-Lopez Insurance,2023-01-16
Jesse Wheeler,calvingraham@example.com,POL-842376-ll,Property,89214.67,Rodriguez-Thomas Insurance,2025-07-14
Paula Johnson,stephenreed@example.net,POL-001377-pz,Travel,55235.29,"Coleman, Welch and Allen Insurance",2023-01-19
Jesse Singh,lopezheather@example.com,POL-611611-FU,Health,64547.1,"Koch, Miller and Davis Insurance",2020-05-21
Edward Schaefer,stephanienguyen@example.net,POL-644941-Na,Travel,10967.45,Fisher-Walsh Insurance,2020-11-27
Todd Evans,mdickerson@example.com,POL-560271-EY,Property,63652.09,Spencer Ltd Insurance,2020-02-25
Carolyn Kent,jamesjones@example.net,POL-627551-Wx,Travel,38468.67,Gonzalez and Sons Insurance,2021-07-15
Melinda Schwartz,bakermelvin@example.com,POL-600590-Fx,Vehicle,58007.77,"Sanchez, Johnson and Richards Insurance",2024-07-03
Eddie Ritter,perkinsduane@example.net,POL-490380-Be,Vehicle,74749.41,Miller-Waller Insurance,2023-10-05
Betty Shaw,william68@example.com,POL-707458-CB,Property,17551.23,Lindsey Group Insurance,2024-08-12
Shannon Parsons,petersonwilliam@example.org,POL-039673-NG,Property,52783.88,James-Martin Insurance,2022-07-12
Jordan Ramsey,tmoyer@example.com,POL-128067-kV,Health,7951.78,Watkins-Anderson Insurance,2022-01-20
Cheryl Burns,kenneth54@example.org,POL-681441-ps,Property,32425.72,"Mercado, Baker and Adams Insurance",2022-11-17
Jesus Wolf,everettcharles@example.com,POL-018892-Hc,Vehicle,93958.32,Payne-Campbell Insurance,2022-12-29
Madison Warren,sierrasanchez@example.org,POL-948813-iC,Property,7552.65,Craig Group Insurance,2020-12-02
Joshua Robinson,sarahpierce@example.com,POL-837981-zw,Vehicle,66925.58,"Middleton, Moore and Smith Insurance",2020-11-04
Suzanne Lozano,kimberly45@example.net,POL-308794-YS,Vehicle,95875.18,Wiley LLC Insurance,2022-06-19
Mark Hutchinson,thomas47@example.org,POL-848761-ra,Property,87708.48,Grant-Williams Insurance,2021-12-12
Robert Chase,tristan48@example.net,POL-583538-Lq,Property,30887.81,"Ferguson, Thompson and Taylor Insurance",2024-08-16
Anna Morgan,dillon82@example.com,POL-488467-iH,Vehicle,88602.89,Griffin PLC Insurance,2024-03-20
David Chavez,dstokes@example.net,POL-353662-Xv,Travel,37792.01,"Floyd, Reyes and Moyer Insurance",2022-10-17
Samantha Gonzales,penningtonangela@example.org,POL-186090-mI,Travel,94033.12,Ruiz and Sons Insurance,2021-10-25
Joseph Roberts,uhowell@example.net,POL-708264-ez,Health,81412.52,"Gilbert, Davis and Hurst Insurance",2025-09-16
Jennifer Garcia,jknox@example.com,POL-675993-jH,Travel,13290.82,Chen-Reynolds Insurance,2020-09-29
Lisa Davis,fitzgeraldronald@example.net,POL-713763-JF,Health,30149.79,Hughes and Sons Insurance,2022-08-26
Patricia Pruitt,bianca71@example.com,POL-654573-Ns,Life,33427.04,Henson Inc Insurance,2025-12-26
James Lewis,ismith@example.com,POL-644096-Sz,Travel,27775.94,Morris Ltd Insurance,2025-11-07
Daniel Andrews,dawsonsteven@example.net,POL-556632-XP,Travel,11978.17,Ballard-Dunn Insurance,2025-11-08
Alicia Jones,ortegacynthia@example.org,POL-595670-NS,Life,42720.79,"Johnson, Zimmerman and Coleman Insurance",2023-04-22
Rachel Henry,jefferyscott@example.net,POL-619851-aV,Life,48386.92,Gonzalez-Cordova Insurance,2023-10-28
Mark Gregory,opayne@example.com,POL-752605-wU,Health,38960.59,"Lopez, Young and Richards Insurance",2022-06-01
Vicki Griffith,hbailey@example.net,POL-316045-FS,Property,1959.73,Murphy-Mullen Insurance,2020-08-19
David Torres,wbautista@example.org,POL-833350-Sl,Health,22306.77,Vargas Ltd Insurance,2024-09-11
Darrell Boyd,stewartsusan@example.net,POL-670860-Gh,Vehicle,20903.11,Hill PLC Insurance,2024-09-14
Robert Smith,brandi55@example.net,POL-768803-ty,Vehicle,75410.72,Hicks PLC Insurance,2020-06-18
John Hopkins,christopherramirez@example.com,POL-355586-tf,Vehicle,93713.97,Hunt-Alvarez Insurance,2024-06-30
Ryan Watkins,echavez@example.org,POL-110372-Ao,Vehicle,34432.06,Brown and Sons Insurance,2020-10-13
Morgan Vega,joseph72@example.net,POL-620882-tq,Travel,68416.85,Lee Group Insurance,2023-08-05
Brian Wright,santanajason@example.org,POL-165418-rk,Vehicle,17763.71,Lowe-Johnston Insurance,2020-01-25
Lisa Lane,smallheather@example.org,POL-924161-hr,Travel,46547.81,"Rhodes, Diaz and Lin Insurance",2022-01-31
Cynthia Castillo,annagonzales@example.org,POL-156155-Xe,Vehicle,93422.75,"Schmidt, Schmidt and Rodriguez Insurance",2025-08-23
Anna Jimenez,mark70@example.net,POL-900084-Sl,Property,45912.39,"Dunn, Stone and Taylor Insurance",2025-01-26
Frank Johnson,dodsonjustin@example.com,POL-556902-Ov,Property,22058.53,Griffith-Mcconnell Insurance,2024-04-30
Brenda Washington,pbarker@example.org,POL-329562-tP,Travel,76871.68,"West, Shepherd and Santos Insurance",2022-04-09
Hannah Pruitt,jennifergomez@example.net,POL-363930-Cz,Life,71069.35,Escobar Inc Insurance,2024-01-16
Tammy Knight,nancy45@example.org,POL-743383-UB,Health,67849.29,Harper Ltd Insurance,2023-09-14
Michael Roach,mooreamber@example.org,POL-520778-mB,Life,94202.21,Thomas-Cox Insurance,2022-02-21
Debra Huffman,wjennings@example.com,POL-288460-EL,Life,84507.11,"Kennedy, Davidson and Hall Insurance",2020-12-16
Justin Terry,privas@example.org,POL-712124-id,Travel,36094.02,Garrett PLC Insurance,2025-07-31
Michael Adams,vincentwoods@example.org,POL-400441-Ok,Life,57196.12,Brewer LLC Insurance,2021-08-26
Brandi Wilcox,jpittman@example.net,POL-959056-qA,Travel,62018.92,Gutierrez Inc Insurance,2020-06-05
Teresa Wright,erinprice@example.com,POL-892072-pI,Life,61998.15,Ward-Hernandez Insurance,2023-11-22
Mr. Jeremy Richards Jr.,allenlindsay@example.org,POL-889738-sa,Vehicle,51602.38,"Russell, Kelly and Rodriguez Insurance",2024-07-24
Larry Hubbard,rodriguezalejandro@example.com,POL-990882-cp,Travel,32362.79,"Hall, Guerrero and King Insurance",2023-03-26
Margaret Johnson,ijones@example.com,POL-223179-pv,Travel,9367.98,"Parker, Cook and Kramer Insurance",2024-04-29
Zoe Wilson,dlopez@example.com,POL-293962-wJ,Health,35137.16,"Lewis, Garcia and Davidson Insurance",2024-12-08
Rebecca Rose,nicolesalinas@example.org,POL-791507-Ya,Health,61328.92,Stevens-Russell Insurance,2020-09-05
James Strickland,dakota86@example.net,POL-864580-bj,Travel,90976.13,Sawyer Ltd Insurance,2025-04-18
Lisa Mora,angela58@example.net,POL-525774-SB,Travel,97909.01,Oneill PLC Insurance,2024-09-09
Kathleen Richard,chanpenny@example.com,POL-658396-LK,Property,14743.41,Daniel PLC Insurance,2024-04-27
Kimberly Barker,nguyenkarina@example.net,POL-257997-Pt,Vehicle,83074.14,Wu PLC Insurance,2024-03-07
Andrew Castaneda,qjackson@example.com,POL-546769-DU,Health,15739.46,Bryan Inc Insurance,2026-01-10
Cody Guzman,davisstacey@example.org,POL-896554-Ui,Life,25283.8,Peterson PLC Insurance,2023-05-27
Karen Price,myersmarcus@example.com,POL-451104-Ud,Life,69450.47,Mcgee Group Insurance,2024-10-06
Lauren Solomon,fjensen@example.org,POL-296572-Gn,Life,96990.72,Wood-Walker Insurance,2021-12-21
Jessica Webb,schultzantonio@example.net,POL-846987-ce,Property,45986.29,Nelson Inc Insurance,2024-10-02
Patricia Kirby,swatts@example.org,POL-327112-Ig,Health,41966.47,Hernandez Ltd Insurance,2021-03-29
Jay Young,james75@example.net,POL-005974-oM,Travel,11683.4,Phillips-Morris Insurance,2023-07-31
Kelly Osborne,john74@example.com,POL-593918-Yq,Life,2691.52,Banks PLC Insurance,2023-12-09
Caroline Baker,shaneholmes@example.net,POL-486233-Jm,Vehicle,62121.68,Garcia-Day Insurance,2024-09-07
Christopher Morales,rodneyrandolph@example.net,POL-802981-hk,Travel,84739.95,"Moreno, Morgan and Dixon Insurance",2025-08-21
Robert Tucker,leemadison@example.net,POL-304109-tm,Life,34205.75,"Spears, Howell and Hill Insurance",2021-07-15
Martin Cross,salazardouglas@example.org,POL-877277-yw,Life,54455.56,Wagner-Sanchez Insurance,2022-09-24
Justin Richardson,rhughes@example.com,POL-170059-ZP,Property,74381.41,Henry-Johnson Insurance,2025-09-24
Shawn Harrison,susan57@example.com,POL-473601-CK,Property,58250.89,Adams and Sons Insurance,2022-01-31
Jose Davis,lwu@example.com,POL-191030-ja,Life,83345.88,Hoover-Mckee Insurance,2021-12-28
Miss Diane Hodge DVM,smithjamie@example.com,POL-442680-ln,Life,9826.0,"Marsh, Bryant and Krueger Insurance",2024-07-20
Luke Smith,karen18@example.net,POL-699176-PS,Life,45317.76,Gates-Little Insurance,2023-09-11
Diane Ford,emilyvalenzuela@example.org,POL-409489-gj,Property,26908.17,"Taylor, Frazier and Anderson Insurance",2023-09-19
Timothy Davis,vegamichael@example.com,POL-648690-WM,Travel,41684.16,Carroll-Rodriguez Insurance,2022-05-11
James Knox,kimberly71@example.org,POL-265731-Fx,Property,68743.95,Ruiz Ltd Insurance,2021-07-01
Barry Mcdowell,emendoza@example.org,POL-739110-kY,Property,73440.6,Nelson Ltd Insurance,2020-12-24
Darren Mcdonald,jeremy90@example.com,POL-853978-AG,Life,83304.62,"Weaver, Castillo and Craig Insurance",2021-07-25
Alexander Davis,uross@example.org,POL-338130-Hx,Travel,25725.48,Edwards-Jensen Insurance,2020-06-10
Raymond Henson,markbryant@example.net,POL-879633-EE,Health,99103.49,"Wilcox, Lowe and Horne Insurance",2023-12-11
Jessica Berger,marshalljennifer@example.net,POL-043911-Dk,Travel,32435.97,Pena LLC Insurance,2025-12-11
Christine Wilson MD,kjackson@example.org,POL-955594-We,Health,53340.07,Lopez Ltd Insurance,2022-09-25
Nicholas Dixon,santosmary@example.org,POL-701031-Of,Life,88258.77,Bryant Inc Insurance,2022-01-11
Monica Stevens,murraykaylee@example.net,POL-505713-ka,Vehicle,43497.63,"Martin, Gutierrez and Cuevas Insurance",2022-08-15
Logan Anderson,april73@example.net,POL-297374-dx,Property,23341.55,Wilson Ltd Insurance,2020-01-20
Dale Delgado,srichmond@example.net,POL-360111-yD,Life,9494.93,Long-Richardson Insurance,2023-11-20
Cody Rodriguez,masonkimberly@example.org,POL-367715-Sh,Health,13603.07,"Clark, Wilson and Smith Insurance",2024-06-02
Tammy Owens,perezjason@example.com,POL-505483-wM,Life,56418.99,"Blair, Wilson and Davis Insurance",2022-04-11
Mr. Mark Campbell,jarnold@example.org,POL-542115-Jk,Health,70192.29,Jordan-Johnson Insurance,2022-06-15
Marie Tanner,dthomas@example.net,POL-018821-Nv,Vehicle,85511.96,"Richardson, Collins and Garcia Insurance",2025-04-27
Michael Hanna,wilsonmichael@example.net,POL-281412-Bi,Vehicle,61419.55,Aguilar LLC Insurance,2023-03-31
Julie Wright,nryan@example.net,POL-789025-bl,Vehicle,95967.09,Nash-Duffy Insurance,2024-12-24
Vanessa Diaz,marygoodwin@example.net,POL-906976-vq,Property,42921.53,Hill Group Insurance,2022-02-05
Sean Welch,jcastaneda@example.com,POL-500113-NC,Travel,26418.96,"Reynolds, Liu and Griffin Insurance",2021-02-21
Sheila Meyers,christinamoore@example.net,POL-154827-iR,Life,99231.38,Hawkins Group Insurance,2023-05-17
Andrew English,powen@example.net,POL-188108-Jv,Life,5438.0,Walsh Ltd Insurance,2021-07-12
Joshua Foley,kaisersteven@example.com,POL-472317-eh,Travel,52138.34,Spencer-Jones Insurance,2023-03-17
Julian Oliver,barkerjacqueline@example.net,POL-246686-IU,Health,39321.36,Roach-Taylor Insurance,2023-02-23
Rhonda Shepard,april73@example.org,POL-740930-Ur,Vehicle,71276.22,"Abbott, Jackson and Harper Insurance",2025-06-16
Taylor Schwartz,jasmine03@example.org,POL-613497-Nd,Life,64069.72,"Moss, Rose and Thompson Insurance",2022-01-29
Penny Blackburn,alexandriaburton@example.org,POL-751166-jJ,Health,40996.36,Miles Inc Insurance,2021-07-13
Alexander Brady,ebaird@example.net,POL-603956-fk,Vehicle,80575.9,"Baker, Cameron and Beck Insurance",2021-07-25
Nicole Ochoa,lisa02@example.net,POL-088220-DD,Vehicle,86326.6,"Cooper, Murphy and Campbell Insurance",2025-04-24
Michelle Brady,nicole20@example.net,POL-009443-Pw,Property,15092.28,Lowery PLC Insurance,2021-02-22
Linda Jacobs,jason80@example.org,POL-717415-Zg,Travel,37603.07,Warner Group Insurance,2024-10-06
Kathy Hernandez,jamie52@example.org,POL-443091-xa,Vehicle,44973.83,"Sosa, Cox and White Insurance",2024-01-30
Rita Smith,jmarquez@example.com,POL-977932-ln,Health,32231.64,"Dudley, Miller and Gordon Insurance",2024-03-26
Frances Andrade,pcarlson@example.com,POL-765199-Wh,Property,44925.69,"Schultz, Parker and Allen Insurance",2021-10-08
Kenneth Hammond,imiller@example.net,POL-858117-FW,Health,25903.61,"Brooks, Padilla and Moore Insurance",2021-05-17
Michael Guerra,michaeljohnson@example.com,POL-466910-sb,Health,49518.15,Clark PLC Insurance,2021-07-17
Jose Little,leeeric@example.net,POL-128310-lR,Travel,12112.2,Stone-Lopez Insurance,2025-09-03
Jeff Paul,judith09@example.net,POL-231262-WV,Vehicle,25729.51,Bradley-Smith Insurance,2020-02-18
Hannah Phillips,margaret42@example.org,POL-762059-Dk,Vehicle,67481.29,Duncan and Sons Insurance,2023-05-16
Erica Coleman,dbarber@example.net,POL-269674-bF,Health,45928.89,Petersen Group Insurance,2021-01-21
Daniel Pena,kristenjones@example.com,POL-905271-Tn,Vehicle,98923.18,Gutierrez-Meyer Insurance,2026-02-12
Mary Maddox,aromero@example.com,POL-170432-Lt,Travel,68584.09,Pope Ltd Insurance,2022-06-24
Mary Norris,ruizmelanie@example.org,POL-644402-uX,Life,23869.13,Mcintyre-Moore Insurance,2021-09-18
Stacy Reeves,kevin79@example.net,POL-888258-fb,Vehicle,6690.52,"Vincent, Lynch and Smith Insurance",2020-05-11
April Lewis,nbrooks@example.net,POL-096786-lb,Health,26501.92,"Evans, Trevino and Marsh Insurance",2024-08-30
Jillian Jones,saracampbell@example.net,POL-559254-vv,Vehicle,31743.85,Green and Sons Insurance,2024-06-27
Candace Wright,christopherhaney@example.org,POL-305477-Qg,Travel,87199.86,Medina-Cain Insurance,2026-01-06
Mark Lewis,hchavez@example.org,POL-749226-Ic,Property,8274.28,"Thomas, Young and Herrera Insurance",2020-08-16
Stephen Owens,qcollins@example.org,POL-252426-AR,Travel,46981.86,Byrd-Moore Insurance,2025-10-11
Mrs. Susan Hicks,williamsashley@example.org,POL-524321-cP,Property,99754.01,Pearson Ltd Insurance,2020-04-14
Leslie White,justin80@example.net,POL-933402-ui,Travel,16733.52,"Freeman, King and Lewis Insurance",2020-03-06
Steven King,george53@example.com,POL-424803-IN,Life,90550.72,"Bell, Hurst and Hood Insurance",2024-08-28
Jonathan Harris,pdavis@example.com,POL-285185-NW,Life,75919.1,"Mendez, Rhodes and Thomas Insurance",2022-01-08
Brittany Ortiz,jennifer88@example.net,POL-044569-cN,Life,85368.94,Hayes Ltd Insurance,2025-11-16
Vanessa Prince,miguelhickman@example.org,POL-105128-ip,Life,88877.71,Mendez-Bryan Insurance,2022-04-28
Tina Richards,brittany25@example.net,POL-340254-XD,Vehicle,84034.71,Beck-Butler Insurance,2021-05-07
Michael Obrien,michael44@example.com,POL-315398-DY,Health,71374.66,Travis PLC Insurance,2021-02-11
Keith Herring,laura11@example.net,POL-180181-OU,Travel,99902.48,Robinson-Roberts Insurance,2023-04-21
Kurt Parker,smithchase@example.net,POL-699497-CO,Vehicle,34089.52,Anderson-Olsen Insurance,2022-02-02
Anne Anderson,michelle64@example.org,POL-115892-qI,Vehicle,3715.56,Alvarez-Wilson Insurance,2023-07-16
Philip Garrett,sandrawright@example.com,POL-164465-IJ,Vehicle,89481.59,Houston-Byrd Insurance,2022-11-15
Kristen Jones,jenniferjohnson@example.net,POL-771370-hC,Property,59672.18,"Walker, Perkins and Gordon Insurance",2020-08-23
Lynn Rodriguez,rebekahlee@example.net,POL-757127-VP,Health,32892.72,Rhodes Inc Insurance,2024-07-09
John Harris,emily80@example.org,POL-801398-yP,Travel,98164.02,Armstrong-Tran Insurance,2020-07-04
Michael Butler Jr.,reedsamuel@example.org,POL-068523-BA,Health,25783.3,Moore-Reed Insurance,2025-03-01
Charles Thomas,ypittman@example.org,POL-274934-my,Property,98389.41,Mendez LLC Insurance,2023-07-29
Joshua Fletcher,christopherrogers@example.com,POL-782114-lr,Travel,69363.31,Johnson and Sons Insurance,2022-01-22
Samuel Green,fordjeanne@example.net,POL-112685-sT,Travel,24805.25,Clark Inc Insurance,2022-06-22
Peter Barnes,katielynch@example.com,POL-827521-ry,Property,91199.87,Vazquez-Hale Insurance,2023-01-16
Allison Ingram,cfox@example.net,POL-599901-jz,Vehicle,77769.95,"Harrington, Ayers and Lewis Insurance",2022-03-23
Tamara Weiss,oramirez@example.org,POL-329098-Xm,Health,20485.56,Booth-Rodriguez Insurance,2021-05-28
Jeffrey Suarez,davidmontes@example.net,POL-676331-Sv,Property,40518.15,Rodriguez and Sons Insurance,2022-01-11
Dustin Davis,thomaschristopher@example.org,POL-503871-NQ,Vehicle,77343.17,Lopez Group Insurance,2025-08-07
Dan Davis,roger87@example.org,POL-195302-gF,Health,66045.47,Smith LLC Insurance,2022-06-08
Carrie Nelson,seth76@example.org,POL-924929-Ri,Property,39700.78,Allen PLC Insurance,2020-11-24
Bradley Cobb,jose65@example.com,POL-004997-Dz,Travel,98846.34,Thompson and Sons Insurance,2021-04-21
Brandon Moore,melanie45@example.net,POL-363709-Hh,Life,54719.4,Garcia Group Insurance,2024-06-02
Sara Zuniga,theresa44@example.com,POL-228926-Zz,Property,19103.79,Thompson-Moore Insurance,2020-04-06
Benjamin Sweeney,xpage@example.com,POL-132720-Xc,Property,2320.06,Morris Inc Insurance,2024-06-03
Michael Barnes,blackburnpaul@example.net,POL-129938-dy,Property,66344.42,Walker Ltd Insurance,2024-09-01
Jeffrey Scott,holtann@example.net,POL-722828-sV,Life,87892.4,Smith Ltd Insurance,2024-11-04
Hannah Beasley,pamelaorozco@example.net,POL-046101-jj,Travel,81764.83,Lara-Walters Insurance,2022-08-25
Lawrence Wong,jray@example.com,POL-619160-fQ,Health,42116.47,"Keller, Scott and Jones Insurance",2024-07-22
Andrew Adams,stephengallagher@example.net,POL-100413-BQ,Property,70789.27,Harris LLC Insurance,2021-06-27
Edgar Williams,tracy77@example.org,POL-913620-lo,Travel,36374.05,"Kim, Velasquez and Olson Insurance",2024-02-25
Danielle Frederick,calvinromero@example.org,POL-137834-PY,Vehicle,8395.36,Lawrence LLC Insurance,2021-12-14
William Barnes,uthompson@example.org,POL-209876-qd,Property,5404.02,Daugherty Inc Insurance,2026-01-30
Jaime Lee,amber81@example.net,POL-311220-uf,Life,69876.24,"Jones, Moore and Brown Insurance",2024-04-21
Lisa Garcia,petermassey@example.org,POL-684604-mP,Vehicle,85218.58,"Anderson, Jefferson and Wall Insurance",2024-05-10
Jason Campbell,eturner@example.com,POL-192218-yf,Travel,16924.49,Leblanc-Cantu Insurance,2024-10-19
Lisa Moore,uzavala@example.org,POL-328962-me,Health,74283.41,Carrillo LLC Insurance,2025-05-22
Jacqueline Gaines,griffinmelissa@example.com,POL-940380-Sl,Travel,27473.83,Melton-Williams Insurance,2023-02-12
Elizabeth Thompson,charles41@example.com,POL-495054-TD,Property,87096.04,Flores Ltd Insurance,2021-10-09
George Navarro,kyoung@example.net,POL-009677-vg,Property,54517.3,Bolton and Sons Insurance,2021-04-05
Mario Hartman,larrybell@example.org,POL-417341-AI,Life,98445.34,Brown-White Insurance,2021-07-18
Anthony Harris,kelly96@example.net,POL-593709-kH,Vehicle,78301.8,Meyers LLC Insurance,2022-06-29
Shelly Leach,alyssa39@example.net,POL-797404-lt,Health,40257.2,"Allen, Pitts and Romero Insurance",2020-02-25
Justin Jefferson,matthewchaney@example.com,POL-256608-mU,Vehicle,66393.94,"Clements, Mendez and Flores Insurance",2020-11-05
Robert Cochran,barbara87@example.org,POL-659727-ml,Health,34426.34,"Miller, Peters and Arnold Insurance",2025-09-19
Phillip Norman,cisnerosnathan@example.net,POL-226787-VE,Vehicle,18695.52,Park Ltd Insurance,2024-11-27
Amy Jones,steven68@example.com,POL-211355-EZ,Vehicle,64369.19,Banks-Morrison Insurance,2022-02-12
Anna Arias,hendersoncarrie@example.org,POL-090534-py,Property,27938.04,Johnson-Simmons Insurance,2021-07-15
Tyler Miller,davisemily@example.net,POL-389238-Db,Vehicle,74316.4,Sanchez-Aguilar Insurance,2022-07-30
Kendra Wallace,kellykayla@example.net,POL-679451-SC,Property,21405.51,"Munoz, Barber and Gomez Insurance",2024-07-07
Christy Patel,mariahward@example.com,POL-058277-KJ,Life,4089.44,Jackson LLC Insurance,2022-04-28
Anthony Howard,shannon59@example.net,POL-233442-nY,Health,55667.98,Gardner Ltd Insurance,2021-09-14
Valerie Evans,dennisbrown@example.org,POL-237807-VV,Health,30389.04,Porter-Fritz Insurance,2021-11-08
Nancy Olson,cynthia13@example.net,POL-978186-fA,Health,61863.87,"Moore, Pham and Bruce Insurance",2022-08-17
James Palmer,gregorychristie@example.org,POL-859584-QZ,Vehicle,99004.24,"Castro, Long and Guzman Insurance",2022-04-26
Rhonda Warner MD,seth12@example.net,POL-979217-mz,Property,38474.31,Smith and Sons Insurance,2025-03-14
Christine Santos,beckerstephanie@example.org,POL-484419-Hw,Vehicle,37352.85,Cohen-Lynch Insurance,2025-04-07
James Coleman,davidgraham@example.net,POL-531212-Fr,Life,40350.48,Valdez Inc Insurance,2021-08-03
Joan Clayton,tlarsen@example.net,POL-327680-eV,Travel,20744.39,Delgado Group Insurance,2023-06-23
Cassie Stewart,jonessarah@example.com,POL-915131-Vb,Travel,61567.62,Sanchez and Sons Insurance,2022-06-23
Adrian Ellis,bbrown@example.com,POL-908629-CG,Travel,74067.02,Johnson PLC Insurance,2024-05-27
Tara Wells,ihughes@example.com,POL-235682-Vn,Health,21619.44,Holland and Sons Insurance,2023-05-05
Mathew Owens,kayla70@example.com,POL-161569-Sm,Vehicle,76650.16,"Medina, Rivera and Dickerson Insurance",2022-11-23
Donna Adams,qturner@example.net,POL-272566-CM,Life,95306.24,Adams LLC Insurance,2021-12-05
Chelsea Trujillo,alexisferguson@example.org,POL-271680-cZ,Life,24611.96,Garcia-Singh Insurance,2021-02-28
Michael Montes,joshua43@example.com,POL-384066-aB,Vehicle,1344.86,"Nguyen, Ross and Cooper Insurance",2025-02-12
Susan Lozano,kimberly65@example.org,POL-808712-xe,Vehicle,87188.56,Mckenzie Group Insurance,2020-07-06
Mary Russell,michaelchavez@example.net,POL-399515-ye,Vehicle,22842.34,"Ray, Ibarra and Williamson Insurance",2025-05-24
Nicole Gonzales,ifaulkner@example.net,POL-332373-Dn,Health,22321.85,"Gonzales, Wallace and Nunez Insurance",2025-12-13
Brandon Houston,dbean@example.net,POL-316629-ef,Life,33205.81,Franklin-Williamson Insurance,2024-11-13
Justin Campbell,susannguyen@example.org,POL-717861-Xp,Property,33750.88,Young Ltd Insurance,2021-11-06
Vanessa Vang,bwinters@example.net,POL-059996-oK,Travel,94832.2,"Ortega, Bell and Hughes Insurance",2024-01-20
John Valenzuela,pduncan@example.org,POL-897493-Oi,Property,33883.17,Stokes-Mitchell Insurance,2020-11-26
Lisa Rush,zmacdonald@example.com,POL-289770-kL,Property,87791.43,Anderson and Sons Insurance,2025-03-06
Julie Powell,kelseyduncan@example.net,POL-168648-RG,Travel,61342.19,Gonzales-Lopez Insurance,2021-11-09
Christopher Bell,aschmidt@example.com,POL-258725-DL,Property,40987.53,Reynolds-Ayers Insurance,2020-09-06
Jason Greene,dmayer@example.com,POL-645294-tW,Travel,77372.22,Berry Ltd Insurance,2025-08-29
Robert Reid,rodney04@example.org,POL-150732-OU,Travel,23162.28,Powers Ltd Insurance,2021-01-24
Julian Glover,watsongregory@example.org,POL-396818-hn,Vehicle,50024.11,"Reyes, Velasquez and Davis Insurance",2021-07-09
Douglas Hernandez,wileypaige@example.net,POL-683738-AB,Life,71907.52,Reynolds-Kramer Insurance,2023-10-24
Erin Brown,patricia86@example.net,POL-772354-Ha,Life,4215.53,Turner-Thompson Insurance,2020-02-16
Mr. Julian Pitts,davisnatalie@example.net,POL-672778-mw,Life,54556.08,Vasquez and Sons Insurance,2020-01-31
Rebecca Molina,hendricksrichard@example.net,POL-832729-FR,Property,2962.92,Walsh-Hernandez Insurance,2021-08-15
Charles Hutchinson,bmedina@example.com,POL-443185-DN,Life,66611.83,"Ferguson, Thomas and Wright Insurance",2021-03-22
Crystal Hernandez,cwhite@example.net,POL-489018-rC,Life,90147.36,"Johnson, Rodgers and Farley Insurance",2024-11-19
Melanie Rivera,deborah20@example.net,POL-199874-Ny,Vehicle,79038.96,Campbell-Flores Insurance,2025-07-30
Scott Arnold,rushmelissa@example.org,POL-638037-Ws,Travel,32985.76,Miller-Taylor Insurance,2020-07-06
Susan Smith,jenningsrichard@example.net,POL-263218-qq,Life,88516.12,Clayton Inc Insurance,2022-11-17
Thomas Jones,kevinlozano@example.org,POL-970966-EP,Property,77667.99,"Perez, Ellis and Stephenson Insurance",2021-10-19
Robert Rhodes,tammymarks@example.com,POL-673841-HZ,Health,26344.68,Byrd Ltd Insurance,2021-06-14
John Brown,ericjohnson@example.org,POL-315647-So,Life,38941.07,"Sanders, Nichols and Welch Insurance",2023-11-10
Frank Perez,josephwilliamson@example.net,POL-914651-Ed,Vehicle,99121.09,Cooper PLC Insurance,2021-10-06
James Henry,aperez@example.org,POL-662424-Sq,Vehicle,92658.71,"Walton, Taylor and Garcia Insurance",2022-02-21
Lauren Gonzalez,qwalter@example.com,POL-949670-gG,Travel,6849.75,Franklin Ltd Insurance,2025-04-25
Christopher Peterson,josephhardy@example.com,POL-153955-xY,Health,94614.54,"Mitchell, Smith and Chen Insurance",2024-02-25
Justin Frazier,townsendwilliam@example.net,POL-305418-XW,Property,44645.6,Burch-Perez Insurance,2021-04-20
Angela Morgan,speters@example.net,POL-035147-BM,Vehicle,28751.12,"Schmitt, Nelson and Becker Insurance",2022-07-19
Adrian Finley,brandonmelendez@example.org,POL-074813-qg,Life,63134.36,Delgado-Li Insurance,2024-02-09
Debbie Anderson,heidi92@example.net,POL-225293-pH,Health,78829.72,Williams-Ruiz Insurance,2024-10-31
Alicia Warren,henrykyle@example.net,POL-363863-kz,Life,90602.16,"Nash, Mcclure and Evans Insurance",2025-01-29
Marvin Watkins,johnsonjohn@example.org,POL-481545-yy,Health,47100.12,"Ford, Sellers and Snyder Insurance",2022-02-16
Sarah Miller,maria84@example.net,POL-966440-YL,Travel,33960.48,"Smith, Lara and Morales Insurance",2022-04-10
Michele Lewis,hendersonsteven@example.net,POL-289104-NT,Health,45313.9,"Shaw, Walker and Hopkins Insurance",2025-10-24
Brenda Choi,brandinash@example.com,POL-143942-be,Health,50052.9,"Perkins, Dawson and Johnson Insurance",2021-03-07
Michael Lopez,shortdawn@example.net,POL-477870-bG,Health,26280.91,Ayers-Harrington Insurance,2022-06-02
Alexandra Hayes,cameron51@example.com,POL-769084-Xt,Health,30964.56,"Haynes, Rodriguez and Chapman Insurance",2023-08-10
Robert Anderson,gomezjay@example.org,POL-725918-HH,Life,34460.87,Zamora Inc Insurance,2023-08-13
Gina Harrell,benjamin46@example.net,POL-025964-zk,Travel,12092.58,Schultz-Sutton Insurance,2024-01-24
Matthew Hartman,lsharp@example.net,POL-356993-pF,Property,85621.22,Ross-York Insurance,2024-01-31
John Brooks,normanbrown@example.com,POL-638072-ko,Vehicle,72088.48,"Lara, Sullivan and Roberts Insurance",2023-08-10
Angela Rivera,ywilliams@example.com,POL-920829-Rk,Health,32729.96,"Vasquez, Hall and Contreras Insurance",2021-04-25
Samantha Pratt,annarobertson@example.com,POL-172256-ko,Property,81596.58,Holmes-Miller Insurance,2025-09-14
Mark Morgan,sabrina20@example.com,POL-996383-ql,Travel,57416.19,White Inc Insurance,2020-04-10
Beth Garcia,butlercatherine@example.net,POL-438957-fo,Property,70331.12,Rodriguez-Hughes Insurance,2022-05-15
Jeremiah Mendoza,bharris@example.net,POL-557211-DP,Travel,27484.92,Nichols Ltd Insurance,2023-09-06
Brandon Drake,ashley18@example.com,POL-704084-mH,Property,10241.47,Hale PLC Insurance,2024-04-19
Anthony Taylor,samantha27@example.net,POL-809618-Mj,Property,14944.3,Lee Inc Insurance,2023-05-13
Patrick Jones,reidalicia@example.com,POL-944998-XC,Health,99276.35,Fleming PLC Insurance,2023-01-08
Jacqueline Bean,martinadam@example.org,POL-503122-AT,Life,88195.38,Thompson-Johnson Insurance,2025-08-26
Joe Hughes,shawnalong@example.org,POL-850234-fX,Travel,76376.84,Herman Inc Insurance,2022-10-30
Johnny Nguyen,moralesmichael@example.net,POL-226837-ap,Life,93554.54,"Lee, Bailey and Lane Insurance",2023-08-05
Julie Dorsey,rebecca15@example.org,POL-588275-wc,Vehicle,20525.89,Ramos Inc Insurance,2022-11-15
Morgan Mills,vegadaniel@example.net,POL-687307-PQ,Property,10382.14,Hall Inc Insurance,2021-07-02
John Williams,robert13@example.net,POL-156758-te,Health,10029.48,King-Meyer Insurance,2020-01-07
Derek Brown,zcarter@example.com,POL-494049-lc,Vehicle,85208.53,Young-Bishop Insurance,2022-01-05
Jessica Harris,cnelson@example.net,POL-701117-rd,Property,48322.3,Roberts-Hunter Insurance,2023-06-09
Catherine Robertson,burgesselizabeth@example.com,POL-101994-Qh,Health,76441.96,"Wang, Guerra and Wilson Insurance",2026-01-18
Susan Brown,schmittmary@example.com,POL-002571-Nt,Travel,98643.56,Mullins-Brown Insurance,2023-05-25
Ronald Rodriguez,vjenkins@example.org,POL-603925-hi,Travel,59931.01,"Beck, Turner and Greene Insurance",2020-11-21
Rebecca Schaefer,julie60@example.org,POL-229427-HP,Life,3384.57,Mitchell-Becker Insurance,2020-06-17
Jennifer Sandoval,matthewhensley@example.org,POL-657478-TO,Vehicle,87980.35,Lawrence-Peters Insurance,2021-04-23
Tammy Mays,hbarker@example.net,POL-709827-he,Health,35614.9,Davis-Smith Insurance,2024-05-23
Sydney Jimenez,burnsnancy@example.org,POL-709359-PV,Vehicle,91295.53,Fuller-Davis Insurance,2026-01-10
Mrs. Madeline Barrett,simpsoncesar@example.com,POL-138430-uu,Travel,60461.68,Harrison-Luna Insurance,2023-04-04
John Greer,yowens@example.org,POL-273111-UH,Travel,46077.31,"Clark, Schultz and Allen Insurance",2023-09-12
Sarah Bowman,christopher66@example.net,POL-736330-FD,Travel,57315.55,"Cordova, Smith and Dixon Insurance",2023-01-09
Nicole Richards,qhunter@example.net,POL-370642-ha,Life,36698.16,Melton LLC Insurance,2022-02-26
George Butler,tara32@example.org,POL-135889-rQ,Travel,81131.97,"Bell, Terry and Carter Insurance",2020-02-19
Tina Hoffman,lopezannette@example.net,POL-113819-Bk,Life,58397.69,Vaughn-Moore Insurance,2024-03-20
Gina Lee,ericjohnson@example.com,POL-121724-Qt,Health,37317.43,Preston-Fernandez Insurance,2024-09-27
William Ruiz,ienglish@example.com,POL-988324-ON,Travel,91317.87,Thompson-Gonzalez Insurance,2024-06-10
Bryan Delgado,james02@example.net,POL-864666-ge,Life,64615.54,Shaw-Peterson Insurance,2020-02-20
Ryan Bond,paul33@example.org,POL-559011-zb,Travel,86036.33,Moore-Smith Insurance,2021-04-27
Dr. Michael Green,beckstephanie@example.com,POL-713397-Eh,Property,92828.08,Meyer Ltd Insurance,2023-03-02
Patricia Yates,gregorywhite@example.org,POL-946410-iD,Travel,25262.17,"Williams, Lane and Whitaker Insurance",2025-04-01
Mrs. Cynthia Wilkins,marc39@example.org,POL-550442-Us,Travel,75506.68,"Donovan, Rodriguez and Ryan Insurance",2022-03-12
Paula Campos,omartin@example.org,POL-228373-VF,Health,14276.85,Henderson-Jackson Insurance,2020-07-27
Jose Mann,iramirez@example.net,POL-025243-Bz,Property,74927.09,Carroll-Rodriguez Insurance,2025-01-25
Sara Garrison,jenniferrodriguez@example.com,POL-785413-Pt,Vehicle,32036.17,Foster-Fuentes Insurance,2024-12-15
Mr. Andrew Richardson,allison98@example.net,POL-380731-Dn,Vehicle,75194.27,"Solomon, Huber and Harrington Insurance",2021-08-14
Michael Tucker,fburns@example.com,POL-423693-ky,Life,76851.54,Boyd-Hughes Insurance,2022-04-29
Frank Scott,tiffanybryant@example.com,POL-259746-VD,Life,1226.0,Lang-Morrison Insurance,2021-10-18
Tiffany Meyers,wsanders@example.org,POL-126675-Oq,Property,92627.46,"Vargas, Richmond and Hughes Insurance",2024-08-19
Lorraine Pena,samanthaestes@example.net,POL-358034-IX,Property,89247.19,Clark Ltd Insurance,2021-11-28
Dillon Miller,smithjoshua@example.org,POL-101021-Hq,Property,79579.6,Kim-Richardson Insurance,2021-11-05
Kelly Leonard,rellis@example.net,POL-402295-VE,Health,2825.27,Kim PLC Insurance,2020-09-28
David Washington,watsonanthony@example.com,POL-326149-tQ,Health,3409.52,Martin PLC Insurance,2020-03-13
Travis Potter,davissarah@example.org,POL-065677-Bc,Property,4585.21,Porter Group Insurance,2020-09-10
Mr. Kevin Hinton Jr.,melissaellis@example.net,POL-113425-wA,Life,32024.83,Smith-Hernandez Insurance,2021-09-12
Angelica Vincent,lisarichardson@example.com,POL-105490-YA,Vehicle,27990.66,Scott-Roberts Insurance,2025-08-23
Michelle Beck,whitejohn@example.org,POL-089430-CL,Health,96846.54,Johnson LLC Insurance,2022-07-05
Tammy Jarvis,sharpjoshua@example.net,POL-998200-qb,Health,8642.92,"Zimmerman, Paul and Fisher Insurance",2023-09-13
Dr. Bradley Evans MD,kmccullough@example.org,POL-809048-Ic,Property,87321.82,Rodriguez Ltd Insurance,2023-03-10
Matthew Mcgee,meyersuzanne@example.org,POL-840261-bD,Travel,10631.79,Austin PLC Insurance,2020-08-13
David Shah,gmoore@example.com,POL-442740-aF,Property,80152.35,"Ellis, Dixon and Castillo Insurance",2024-12-02
Tony Murray,jamesruiz@example.net,POL-660390-Pa,Travel,78954.2,"Jackson, Ross and Jones Insurance",2025-03-01
Richard Lewis,lisaholt@example.net,POL-690110-HP,Travel,63593.71,Li PLC Insurance,2022-10-08
Mary White,david70@example.com,POL-749327-zo,Property,85162.35,Peterson-Koch Insurance,2023-03-09
Sheila Weaver,qbowen@example.net,POL-582142-bu,Health,11428.93,Cabrera-Long Insurance,2022-03-25
Jose Peck,nicolecummings@example.net,POL-619443-wf,Property,43355.04,"Delgado, Lester and Sanders Insurance",2020-12-11
Tyrone Murphy,clayjessica@example.net,POL-185581-MG,Life,52607.75,Hernandez PLC Insurance,2020-07-19
Katherine Graves,johnstonedward@example.net,POL-412491-Ug,Health,37876.53,"Little, Rodriguez and Murphy Insurance",2024-03-02
Kimberly Campbell,danielle38@example.org,POL-184685-uV,Travel,78905.26,Hernandez and Sons Insurance,2022-12-01
Abigail Sanders,mitchellmichael@example.com,POL-643974-ZR,Property,11046.24,Bryant Inc Insurance,2024-09-18
Deanna Bush,lhumphrey@example.com,POL-481135-bY,Health,42211.77,"Miller, Booth and Mullins Insurance",2021-06-26
Samantha Ellis,thomasheather@example.com,POL-361399-Di,Travel,16413.58,Hernandez Inc Insurance,2024-12-12
Sabrina Davis,aparsons@example.net,POL-226264-Ax,Vehicle,71657.84,"Wilkinson, Patrick and Greene Insurance",2023-10-12
Mary Hardy,hallmelissa@example.com,POL-490564-eU,Property,8442.28,Jones-Johnson Insurance,2022-12-16
Susan Carlson MD,kennethsimmons@example.net,POL-025422-vu,Vehicle,79546.34,Charles LLC Insurance,2024-04-26
Jackie Andrews,katelynrice@example.net,POL-989290-JZ,Property,95613.04,Joyce-Payne Insurance,2020-11-16
Hunter Edwards,adamcarter@example.net,POL-797421-yN,Life,11177.3,Moss and Sons Insurance,2022-11-29
Emily Johnson,martinerica@example.com,POL-614529-Ag,Vehicle,17456.44,"Davis, Harrison and Garcia Insurance",2023-09-03
Veronica Dennis,michaelwillis@example.org,POL-215118-uM,Vehicle,56565.75,Douglas LLC Insurance,2023-08-13
Andre Ray,denniswall@example.com,POL-638343-oG,Travel,15331.91,"Williams, Griffin and Lucas Insurance",2024-12-09
Sherry Brown,andrew17@example.com,POL-016881-sq,Property,40522.02,"Wolf, Miller and Anderson Insurance",2025-10-19
Alexis Prince,hbrown@example.com,POL-284721-Ip,Life,94863.83,Williams and Sons Insurance,2022-08-08
Shawn Lam,renee46@example.org,POL-261429-CH,Vehicle,26437.45,"Hoffman, Lyons and Harris Insurance",2021-04-22
Katherine Vazquez,nmeza@example.com,POL-335210-Il,Vehicle,46713.87,Wolfe-Edwards Insurance,2020-12-21
Christina Thomas,bhernandez@example.org,POL-951233-mA,Vehicle,3581.86,Rodriguez Ltd Insurance,2020-04-06
Kendra Glass,gmora@example.com,POL-504598-em,Property,79502.17,"Duncan, Townsend and Huang Insurance",2022-11-02
John Massey,deborahedwards@example.com,POL-286397-GX,Health,7072.02,Howell PLC Insurance,2025-07-07
Amanda Valenzuela,crawfordjames@example.net,POL-699624-hl,Travel,83825.04,Ayers-Robertson Insurance,2021-12-11
Connie Kemp,alicia51@example.org,POL-401434-mQ,Travel,79979.35,Ruiz-Carr Insurance,2025-03-01
Mary Pitts,james13@example.net,POL-539485-PF,Travel,26417.64,Howard Inc Insurance,2025-09-07
Nicholas Richardson,bentleychristy@example.org,POL-725403-rG,Property,62460.41,"Hubbard, Fisher and Baker Insurance",2021-12-08
Antonio Ball,mcdonaldtracy@example.com,POL-069610-aA,Life,74038.03,Parker-Garza Insurance,2020-10-26
Heather Ward MD,shawn90@example.net,POL-547936-tF,Travel,91524.72,"Snyder, Chapman and Hines Insurance",2025-02-02
Richard Murphy V,robinsonwilliam@example.net,POL-751577-Pd,Property,16703.83,"Dunn, Richards and Davis Insurance",2023-06-27
Steven Hopkins,ulam@example.com,POL-813308-yU,Vehicle,89546.98,Larson-Chase Insurance,2025-08-27
Amanda Martin,hannah28@example.net,POL-661499-hf,Life,58035.08,Roberts-Munoz Insurance,2023-08-12
Maria Andrews,smithraymond@example.net,POL-146512-Sr,Vehicle,23153.06,Castro-Daniels Insurance,2024-09-13
Anne Delgado,gutierrezmichelle@example.org,POL-151606-Gt,Property,96517.86,"Miller, Barr and Wilson Insurance",2025-03-14
Donald Porter,dhale@example.org,POL-316636-wM,Health,90068.25,Alvarado PLC Insurance,2020-03-19
Amanda Todd,juliansimmons@example.net,POL-272016-hf,Life,36584.99,"Johnson, Adkins and Riley Insurance",2025-07-10
Julie Schwartz,laura00@example.net,POL-115091-xA,Vehicle,88390.59,Atkinson Group Insurance,2025-09-03
Jonathan Ball,stephen52@example.org,POL-600678-uw,Vehicle,56985.61,Pittman-Frank Insurance,2023-11-26
Thomas Willis,vcline@example.org,POL-705708-SN,Life,48111.0,"Graham, Rodriguez and Long Insurance",2023-12-20
Jonathan Brown,matthewnavarro@example.org,POL-355853-QW,Property,28043.46,"Mcclure, Shepard and Weaver Insurance",2024-01-07
Whitney Schroeder,hannahshaw@example.org,POL-482130-Aw,Property,51580.08,"Moreno, Lee and Smith Insurance",2025-03-29
Bradley Hernandez,ghogan@example.com,POL-141555-ow,Health,44608.23,"Brooks, Garcia and Walker Insurance",2021-09-23
Ronald Baker,derek46@example.com,POL-145380-lN,Vehicle,21620.77,"Barry, Lee and Flynn Insurance",2024-09-05
Amber Sellers,cainlisa@example.net,POL-299914-bB,Vehicle,79516.49,Smith-Reed Insurance,2022-09-18
Thomas Haley,ehopkins@example.org,POL-397507-Mg,Property,18301.2,"Ruiz, Lawrence and Roy Insurance",2025-02-04
Tracy Reed,pfrench@example.org,POL-250374-Sy,Health,53677.39,"Cooper, Nelson and Villarreal Insurance",2023-01-05
Amanda Arnold,nguyenabigail@example.net,POL-025717-rP,Health,99679.4,"Rios, Peters and Lee Insurance",2024-07-12
Jeremy Rodriguez,hhall@example.com,POL-478482-kb,Travel,88388.25,Johnson Ltd Insurance,2026-01-03
Jennifer Warner,vjohnson@example.net,POL-012225-TW,Life,57942.45,Jenkins-Phillips Insurance,2021-04-12
Edward Gray,scott17@example.org,POL-836070-iq,Vehicle,14934.25,"Nelson, Garcia and Crawford Insurance",2020-02-10
Monica Boone,hailey78@example.org,POL-010245-gD,Travel,79113.71,Watts Ltd Insurance,2024-02-04
Joanne Durham,glenmendez@example.com,POL-236957-Ab,Health,16874.75,"Smith, Hanson and Lynch Insurance",2023-02-02
Michelle Gillespie,coopernicole@example.org,POL-339144-YH,Health,39726.03,Estrada Ltd Insurance,2023-11-06
Bradley King,paynewilliam@example.org,POL-412007-Pw,Property,6819.98,King and Sons Insurance,2020-07-02
Sarah Williams,zsimmons@example.net,POL-452445-JO,Life,27174.87,"Jennings, Cardenas and Johnson Insurance",2022-04-01
Jessica Wilson,bsullivan@example.org,POL-125682-LI,Vehicle,21841.96,"Alexander, Hayes and Gordon Insurance",2022-12-03
Eric Glenn,geraldhammond@example.org,POL-503842-ck,Life,76818.15,Silva PLC Insurance,2020-11-24
Robert Allen,virginiagross@example.net,POL-145299-Fk,Health,22192.73,Smith LLC Insurance,2024-03-28
Kevin Cruz,davidshea@example.com,POL-035006-QF,Life,90482.48,Wood and Sons Insurance,2021-07-04
Amber Lester,wallaceadrienne@example.org,POL-558650-Tz,Property,19736.49,Oliver LLC Insurance,2024-07-13
Jesse Mcdonald DDS,kayla31@example.com,POL-356607-ik,Travel,64747.43,Duke Inc Insurance,2024-02-29
Harry Williams,andrew96@example.net,POL-732762-ln,Health,36415.97,"May, Berry and Washington Insurance",2025-09-07
Kevin Cantrell,nelsonpaul@example.net,POL-113801-uR,Property,87701.7,Sutton-Palmer Insurance,2025-01-14
Jason Gordon,williamssherry@example.com,POL-520606-LX,Life,70901.36,Pitts-Smith Insurance,2024-07-19
David Hurst,sbonilla@example.net,POL-185620-eg,Vehicle,41128.78,"Owens, Washington and Elliott Insurance",2020-09-26
Cynthia Osborne,pattersonrebecca@example.net,POL-759312-XZ,Life,76801.63,Dennis Ltd Insurance,2024-09-06
Rhonda Allen,bgonzalez@example.com,POL-620624-me,Life,47132.46,"Bishop, Tanner and Hanna Insurance",2023-11-03
Mrs. Karen Lee,maryclark@example.com,POL-265635-gW,Travel,43424.93,Aguirre LLC Insurance,2023-10-22
William Tyler,helen73@example.net,POL-009034-Tm,Travel,83203.35,Hammond-Raymond Insurance,2024-12-04
Kevin Castillo,darrell92@example.net,POL-908743-Xr,Property,58460.13,Williams and Sons Insurance,2021-03-14
Shannon Reid,heathbrian@example.org,POL-987124-Jh,Property,98986.58,Berry-Thornton Insurance,2023-04-04
Christopher Johns,brian59@example.com,POL-066082-EX,Vehicle,85007.58,Gibbs-Jenkins Insurance,2023-03-19
Kimberly Fischer,urice@example.net,POL-423136-xh,Travel,47233.39,Lewis Group Insurance,2020-05-12
Stephen Hardy,bgood@example.net,POL-173580-Ry,Life,41671.08,Conway PLC Insurance,2024-04-30
Rodney Chan,bdennis@example.com,POL-536963-lP,Property,59292.92,Noble-Valdez Insurance,2023-09-26
Angela Jones,mortontimothy@example.org,POL-392482-ya,Property,85315.51,Larson PLC Insurance,2021-01-30
William Gross,sarastephenson@example.org,POL-721214-OX,Travel,92620.4,"Thomas, Davis and Brown Insurance",2024-12-19
Jodi Williams,qcunningham@example.org,POL-721876-oG,Travel,34822.64,Taylor Group Insurance,2021-01-10
Robert Choi,pamela08@example.com,POL-360102-nV,Property,10481.82,"Wilkins, Oliver and Jenkins Insurance",2020-02-07
Theresa Franklin,gomezalexander@example.com,POL-816521-Lc,Life,9439.45,Cantu-Park Insurance,2020-10-20
Vanessa Smith,ltorres@example.net,POL-594792-oK,Travel,58979.79,Hunter-Adams Insurance,2022-05-16
Michelle Clark,fpena@example.net,POL-809609-mR,Vehicle,92640.84,Harmon and Sons Insurance,2023-08-12
Edward Camacho,swilliams@example.net,POL-608642-Wl,Travel,39530.63,"Marks, Charles and Middleton Insurance",2021-05-20
Mitchell Raymond,ariasmatthew@example.net,POL-805491-uT,Vehicle,59151.42,Vaughn-Martinez Insurance,2024-07-12
Miranda Stevenson,briannaallen@example.org,POL-995968-Kd,Life,17846.58,Navarro-Robertson Insurance,2021-09-09
Michael Rogers PhD,norma72@example.com,POL-738196-hZ,Life,69534.54,"Martinez, Bell and Williams Insurance",2025-08-19
Claire Johnston,heather01@example.org,POL-633519-Rr,Health,89441.57,"Gray, Rice and Wilson Insurance",2021-05-24
Megan Robinson,edwardselizabeth@example.net,POL-929618-kq,Vehicle,3322.81,"Aguirre, Glover and Nelson Insurance",2025-01-16
Mr. Charles Lopez,frederickavila@example.org,POL-436888-ie,Life,5506.82,Miller-Dean Insurance,2025-01-16
Henry Middleton,kristenknight@example.com,POL-943234-PD,Life,35175.53,"Hall, Cooper and Vazquez Insurance",2025-02-05
Jeffery Davis,vmccarty@example.org,POL-931711-Xf,Life,87560.42,Dyer-Morse Insurance,2020-08-21
Maria Cooley,ncox@example.org,POL-685988-Xx,Property,71640.44,Chapman-Salas Insurance,2024-10-07
David Clark,jason56@example.net,POL-868847-oU,Vehicle,2599.99,"Hampton, Ballard and Jones Insurance",2022-11-06
